Initial_POC_Density,Ext_O2,Ext_NO3,Mort_Amp,Radius_mm,N2O_Net_Domain_SMS_mmol_s,N2O_Net_Core_SMS_mmol_s,N2_Net_Domain_SMS_mmol_s,Frac_Anoxic_Core,Total_Bio_Core_mmol,Bio_Growth_Factor,Dominant_Bug,Bio_Core_aer_mmol,Bio_Core_nar_mmol,Bio_Core_nai_mmol,Bio_Core_nao_mmol,Bio_Core_nir_mmol,Bio_Core_nio_mmol,Bio_Core_nos_mmol,Bio_Core_aoa_mmol,Bio_Core_nob_mmol,Bio_Core_aox_mmol,Bio_Core_zoo_mmol,GrowthRate_aer_perday,GrowthRate_nar_perday,GrowthRate_nai_perday,GrowthRate_nao_perday,GrowthRate_nir_perday,GrowthRate_nio_perday,GrowthRate_nos_perday,GrowthRate_aoa_perday,GrowthRate_nob_perday,GrowthRate_aox_perday,GrowthRate_zoo_perday,Elapsed_s
850000.0,1.0,10.0,1.0,0.5,3.79270052863756e-12,3.79270052863756e-12,8.780737421887341e-12,0.9717514514923096,1.9353445068759356e-08,1.4088331460952759,aer,8.934256889858716e-09,1.1351122264358082e-09,1.5573657918821482e-09,1.5944287001801172e-09,8.463842959827161e-10,8.636645287829481e-10,9.285524016355851e-10,1.4772403300611359e-09,1.1246535924769319e-09,8.917867000413082e-10,0.0,28.65018081665039,45.04255676269531,87.26089477539062,91.67063903808594,8.091524124145508,11.664058685302734,24.220277786254883,50.02584457397461,30.12139129638672,15.076396942138672,0.0,2754.2986294580624
850000.0,1.0,10.0,1.0,0.5384615659713745,4.3108377111023e-12,4.3108377111023e-12,1.0341803802216276e-11,0.9717513918876648,2.2150901557438374e-08,1.390346884727478,aer,1.0146722573267652e-08,1.3158487632836113e-09,1.8054581163440275e-09,1.852886288844502e-09,9.826903735188353e-10,1.003215177597383e-09,1.0839745767654563e-09,1.6484348330791931e-09,1.2754817202420554e-09,1.0361910218747994e-09,0.0,26.30258560180664,45.01327896118164,87.20418548583984,91.92172241210938,8.231047630310059,11.865182876586914,25.339128494262695,45.67915725708008,27.562543869018555,15.245285034179688,0.0,2645.3272442915477
850000.0,1.0,10.0,1.0,0.5769230723381042,4.854219023270323e-12,4.854219023270323e-12,1.2030003729290861e-11,0.9717514514923096,2.5147107507450528e-08,1.37497079372406,aer,1.1438809899289026e-08,1.5105282580307744e-09,2.071788518520634e-09,2.130664755739531e-09,1.1291091395193575e-09,1.1533166643928894e-09,1.2520040559849122e-09,1.8318105921011352e-09,1.4373405798906447e-09,1.1917303810449198e-09,0.0,24.262022018432617,44.9837532043457,87.14698028564453,92.14225006103516,8.387800216674805,12.091145515441895,26.386611938476562,41.98300552368164,25.413372039794922,15.340594291687012,0.0,2571.3901382922195
850000.0,1.0,10.0,1.0,0.6153846383094788,5.4236819028996575e-12,5.4236819028996575e-12,1.3847643517972408e-11,0.9717513918876648,2.8339817603750816e-08,1.3618993759155273,aer,1.280911998691181e-08,1.71817293725951e-09,2.3564190598790447e-09,2.4279098731483373e-09,1.285844652976209e-09,1.3139593857403042e-09,1.4325447494911714e-09,2.0274755208049555e-09,1.610254485306939e-09,1.3581172852994428e-09,0.0,22.500629425048828,44.95451736450195,87.0903549194336,92.33345794677734,8.54978084564209,12.324642181396484,27.35406494140625,38.848724365234375,23.603378295898438,15.401383399963379,0.0,2488.1352597908117
850000.0,1.0,10.0,1.0,0.6538461446762085,6.015767745060074e-12,6.015767745060074e-12,1.580147297730594e-11,0.9717513918876648,3.172621276803511e-08,1.350542664527893,aer,1.4257149238972033e-08,1.939501226289053e-09,2.659224396239779e-09,2.744450666725129e-09,1.4529401015650478e-09,1.4852409302434921e-09,1.6258367985244604e-09,2.2334083471520216e-09,1.793298509689123e-09,1.5351647730810214e-09,0.0,20.94898796081543,44.9249382019043,87.03305053710938,92.5054931640625,8.712503433227539,12.559210777282715,28.269882202148438,36.11759948730469,22.034536361694336,15.453604698181152,0.0,2424.649667208083
850000.0,1.0,10.0,1.0,0.692307710647583,6.628896650345828e-12,6.628896650345828e-12,1.789426593012955e-11,0.9717513918876648,3.5305426138165785e-08,1.3405543565750122,aer,1.5782280371468005e-08,2.1740187428065383e-09,2.9803970402753066e-09,3.0803202211160396e-09,1.6302803551582201e-09,1.6671756197794707e-09,1.8319703531943787e-09,2.449830782680351e-09,1.986411257703935e-09,1.7227433923849844e-09,0.0,19.58287811279297,44.89488220214844,86.97481536865234,92.66138458251953,8.864450454711914,12.778243064880371,29.14093589782715,33.735660552978516,20.67041778564453,15.506855010986328,0.0,2364.374558582902
850000.0,1.0,10.0,1.0,0.7307692170143127,7.264181010185888e-12,7.264181010185888e-12,2.012506133963754e-11,0.9717514514923096,3.907612367015645e-08,1.331656575202942,aer,1.7383564809847485e-08,2.421726374990385e-09,3.319720498495826e-09,3.435652873307049e-09,1.8180542626922147e-09,1.8597613449244932e-09,2.0508348352876737e-09,2.6762105864719388e-09,2.189272985120283e-09,1.9213213242608163e-09,0.0,18.368440628051758,44.86488342285156,86.91670227050781,92.80081176757812,9.011214256286621,12.98980712890625,29.956445693969727,31.648439407348633,19.462024688720703,15.555459976196289,0.0,2305.153027166147
850000.0,1.0,10.0,1.0,0.7692307829856873,7.919557371005581e-12,7.919557371005581e-12,2.2489740972297945e-11,0.97175133228302,4.3042000186233054e-08,1.323793888092041,aer,1.906438917842479e-08,2.682968291978227e-09,3.67708397064348e-09,3.810299187279043e-09,2.0161168290400155e-09,2.06312256167962e-09,2.2826081025328904e-09,2.912178720393399e-09,2.4021704625454277e-09,2.131067100563655e-09,0.0,17.27999496459961,44.83457565307617,86.85798645019531,92.92805480957031,9.162018775939941,13.207192420959473,30.73318862915039,29.807605743408203,18.38501739501953,15.578417778015137,0.0,2263.0601475411095
850000.0,1.0,10.0,1.0,0.807692289352417,8.594797616667815e-12,8.594797616667815e-12,2.499046629356183e-11,0.9717514514923096,4.7198419395044766e-08,1.3166695833206177,aer,2.082033567774033e-08,2.957145195381372e-09,4.052802093923447e-09,4.204478987190896e-09,2.224531225891724e-09,2.277050104027012e-09,2.527404507901565e-09,3.158197481312186e-09,2.6246045337074975e-09,2.351866257299662e-09,0.0,16.304780960083008,44.80385208129883,86.7984619140625,93.04497528076172,9.319316864013672,13.433940887451172,31.479089736938477,28.18803596496582,17.42662811279297,15.581083297729492,0.0,2208.7073942921124
850000.0,1.0,10.0,1.0,0.8461538553237915,9.28991085447084e-12,9.28991085447084e-12,2.762776639408937e-11,0.9717514514923096,5.155029469960937e-08,1.3103091716766357,aer,2.2654699449731197e-08,3.245379076588506e-09,4.44668701859996e-09,4.617874083123752e-09,2.443268032337187e-09,2.5017514726499712e-09,2.7851321249272587e-09,3.414701410520138e-09,2.8571993659909367e-09,2.5836062178541397e-09,0.0,15.443389892578125,44.77299118041992,86.7386703491211,93.15174865722656,9.478533744812012,13.663453102111816,32.18851089477539,26.75834846496582,16.58676528930664,15.574722290039062,0.0,2162.695695417002
850000.0,1.0,10.0,1.0,0.8846153616905212,1.0000986150338065e-11,1.0000986150338065e-11,3.041137827675122e-11,0.9717513918876648,5.6089959343808005e-08,1.304419994354248,aer,2.4562901046465413e-08,3.5467702108604726e-09,4.858565993970387e-09,5.050627027713972e-09,2.6723809831707968e-09,2.7374509325994723e-09,3.0559439423427648e-09,3.6804492786757237e-09,3.099230871939085e-09,2.8256410544713617e-09,0.0,14.669095993041992,44.74189758300781,86.6784439086914,93.24994659423828,9.623720169067383,13.872743606567383,32.86717224121094,25.44466781616211,15.82986831665039,15.584797859191895,0.0,2122.9842747920193
850000.0,1.0,10.0,1.0,0.9230769276618958,1.072847193028803e-11,1.072847193028803e-11,3.334041723257464e-11,0.9830508828163147,6.082355241687765e-08,1.2990840673446655,aer,2.655159825337705e-08,3.8607690378000825e-09,5.288858240248828e-09,5.502888811292905e-09,2.911908936198415e-09,2.9839721804592045e-09,3.3398455112632064e-09,3.955723304471803e-09,3.350038246807685e-09,3.0779538917613536e-09,0.0,13.967362403869629,44.71055221557617,86.61770629882812,93.34078216552734,9.75488567352295,14.061819076538086,33.516746520996094,24.233034133911133,15.143118858337402,15.604448318481445,0.0,2088.700465291273
850000.0,1.0,10.0,1.0,0.9615384340286255,1.1469415694964624e-11,1.1469415694964624e-11,3.6417466264815346e-11,1.0,6.574155264615911e-08,1.2940409183502197,aer,2.8610037006160383e-08,4.188790647674523e-09,5.7372311346171045e-09,5.974500005834216e-09,3.1619811213801086e-09,3.24130899898023e-09,3.637007139900561e-09,4.239019357754614e-09,3.6106309053707264e-09,3.341049215066505e-09,0.0,13.332782745361328,44.678733825683594,86.55607604980469,93.42525482177734,9.872669219970703,14.231608390808105,34.14203643798828,23.136322021484375,14.519268989562988,15.631746292114258,0.0,2046.105550791137
850000.0,1.0,10.0,1.0,1.0,1.2227035356415783e-11,1.2227035356415783e-11,3.964471459450003e-11,1.0,7.085247943905415e-08,1.2894257307052612,aer,3.074576326866918e-08,4.530039898753557e-09,6.2036575876334155e-09,6.465514790221505e-09,3.4224885148148587e-09,3.5095040207266948e-09,3.947352666955339e-09,4.532365149856332e-09,3.88050303001819e-09,3.6152925098065225e-09,0.0,12.743012428283691,44.64656066894531,86.49374389648438,93.50350952148438,9.996660232543945,14.410341262817383,34.741146087646484,22.126203536987305,13.881617546081543,15.662538528442383,0.0,2012.9942054580897
850000.0,2.846153736114502,10.0,1.0,0.5,3.667768345982925e-12,3.667768345982925e-12,7.419450470669275e-12,0.5762712359428406,2.532978626845761e-08,1.8438806533813477,aer,1.4324255559472476e-08,1.1358014528894955e-09,1.559284146246398e-09,1.6004809699765588e-09,8.298156606301177e-10,8.403133744394609e-10,9.259235045355751e-10,1.8283363711901757e-09,1.427753915095309e-09,8.578204258036237e-10,0.0,75.17202758789062,45.16585159301758,87.49977111816406,92.56587982177734,3.88474178314209,5.599915981292725,23.62722396850586,77.26874542236328,64.4042739868164,7.620882034301758,0.0,2754.2986294580624
850000.0,2.846153736114502,10.0,1.0,0.5384615659713745,4.1698111977184205e-12,4.1698111977184205e-12,8.707120094375576e-12,0.6440677642822266,2.8786681482984022e-08,1.806855320930481,aer,1.6101621369557506e-08,1.3168288681697504e-09,1.8078740726679143e-09,1.859339571197438e-09,9.62220636502309e-10,9.746515816644319e-10,1.08058706427272e-09,2.0580592785535146e-09,1.631388135692191e-09,9.94112125951574e-10,0.0,69.9108657836914,45.14430618286133,87.4580307006836,92.73641967773438,4.033340930938721,5.814123630523682,24.72507095336914,72.72819519042969,61.0490608215332,7.561032295227051,0.0,2645.3272442915477
850000.0,2.846153736114502,10.0,1.0,0.5769230723381042,4.696733453546376e-12,4.696733453546376e-12,1.0107711542750586e-11,0.6723163723945618,3.241374102458394e-08,1.7722891569137573,aer,1.7935866125640132e-08,1.5116321527841592e-09,2.0748087692368244e-09,2.1374932934747903e-09,1.1045844239276903e-09,1.1189313919857113e-09,1.247743797172518e-09,2.2975321645191116e-09,1.844769337289165e-09,1.1403787913977226e-09,0.0,65.1861801147461,45.12196731567383,87.41474914550781,92.88471984863281,4.1999616622924805,6.054309368133545,25.75409698486328,68.60176086425781,57.70810317993164,7.512084484100342,0.0,2571.3901382922195
850000.0,2.846153736114502,10.0,1.0,0.6153846383094788,5.2509017099688915e-12,5.2509017099688915e-12,1.1628663310059295e-11,0.6723164319992065,3.622258049063021e-08,1.7407137155532837,aer,1.983858055609744e-08,1.7195883605936046e-09,2.3600617016228398e-09,2.4350590432931085e-09,1.2571617080681108e-09,1.273662841860812e-09,1.427322815494847e-09,2.5473547715648692e-09,2.0670605227479655e-09,1.2967273921304923e-09,0.0,61.031394958496094,45.098846435546875,87.36994934082031,93.01314544677734,4.412941932678223,6.361324787139893,26.712080001831055,64.78861236572266,54.34132385253906,7.491827964782715,0.0,2488.1352597908117
850000.0,2.846153736114502,10.0,1.0,0.6538461446762085,5.827512517680988e-12,5.827512517680988e-12,1.3273040652683754e-11,0.694915235042572,4.020267496684937e-08,1.7113744020462036,aer,2.180192382184032e-08,1.9411443563654984e-09,2.6635826877452473e-09,2.7518574086116132e-09,1.4199126319169864e-09,1.4388449320890118e-09,1.6196005647728384e-09,2.8057227652311667e-09,2.29701901943713e-09,1.4630675559956785e-09,0.0,57.254268646240234,45.075157165527344,87.32406616210938,93.12881469726562,4.625280857086182,6.66741418838501,27.620798110961914,61.29850769042969,51.26912307739258,7.502471923828125,0.0,2424.649667208083
850000.0,2.846153736114502,10.0,1.0,0.692307710647583,6.424204050670124e-12,6.424204050670124e-12,1.5044507306605226e-11,0.7231638431549072,4.435517553247337e-08,1.6841752529144287,aer,2.3826647321811834e-08,2.175976954177372e-09,2.9855837802017504e-09,3.088004740803285e-09,1.5929175756212999e-09,1.6144283687680172e-09,1.8246755217887767e-09,3.072585963437291e-09,2.5348751986342677e-09,1.6394866575453193e-09,0.0,53.80809783935547,45.05098342895508,87.27722930908203,93.2342300415039,4.812748908996582,6.937653064727783,28.48653793334961,58.04350280761719,48.49447250366211,7.546931743621826,0.0,2364.374558582902
850000.0,2.846153736114502,10.0,1.0,0.7307692170143127,7.045520417081619e-12,7.045520417081619e-12,1.6935558858066635e-11,0.7344632744789124,4.868969583071703e-08,1.6592729091644287,aer,2.5921035984310947e-08,2.423944378548981e-09,3.325771880113848e-09,3.443575868899984e-09,1.7761291326578998e-09,1.8006666158143503e-09,2.0424504310057046e-09,3.348666455238458e-09,2.7813626957140514e-09,1.8260923884128033e-09,0.0,50.676395416259766,45.0264892578125,87.22977447509766,93.32925415039062,5.026864528656006,7.246303558349609,29.297609329223633,55.156394958496094,45.87055206298828,7.580138206481934,0.0,2305.153027166147
850000.0,2.846153736114502,10.0,1.0,0.7692307829856873,7.683054713270021e-12,7.683054713270021e-12,1.8956204661524367e-11,0.7457627058029175,5.3203269345658555e-08,1.636312484741211,aer,2.8082288494601926e-08,2.6855506707335053e-09,3.683988003544414e-09,3.818458882420828e-09,1.9699508690962375e-09,1.997508825013483e-09,2.2731119209140616e-09,3.63317487206416e-09,3.0364404324245697e-09,2.0227957087115556e-09,0.0,47.83287048339844,45.00199890136719,87.18232727050781,93.41665649414062,5.199923038482666,7.495770454406738,30.06955909729004,52.389644622802734,43.59113311767578,7.644142150878906,0.0,2263.0601475411095
850000.0,2.846153736114502,10.0,1.0,0.807692289352417,8.341457732874424e-12,8.341457732874424e-12,2.1097103231060288e-11,0.7740113139152527,5.789863877225798e-08,1.6151679754257202,aer,3.031269102393708e-08,2.9601567863579703e-09,4.060711322750876e-09,4.212802995340326e-09,2.1740542699433263e-09,2.204834759211849e-09,2.5167405937054355e-09,3.925916924885087e-09,3.300928641536416e-09,2.2297961255191012e-09,0.0,45.2215690612793,44.9770393371582,87.13397979736328,93.49781799316406,5.383470058441162,7.7603559494018555,30.808298110961914,49.932804107666016,41.37051010131836,7.6880202293396,0.0,2208.7073942921124
850000.0,2.846153736114502,10.0,1.0,0.8461538553237915,9.02203138586355e-12,9.02203138586355e-12,2.337394340579113e-11,0.7740113139152527,6.278460062958402e-08,1.595863699913025,aer,3.261884984340213e-08,3.2487741385978097e-09,4.455623869858982e-09,4.626454330747265e-09,2.388497843952564e-09,2.4229473982728678e-09,2.7732613983033616e-09,4.22762891361117e-09,3.575510332254339e-09,2.4470523385389242e-09,0.0,42.90407180786133,44.95161437988281,87.08472442626953,93.57256317138672,5.593206405639648,8.06269359588623,31.513683319091797,47.49107360839844,39.422447204589844,7.748128414154053,0.0,2162.695695417002
850000.0,2.846153736114502,10.0,1.0,0.8846153616905212,9.712865060851339e-12,9.712865060851339e-12,2.5796070141081984e-11,0.7740113139152527,6.785273853893159e-08,1.577973484992981,aer,3.499492606806598e-08,3.5505025586246575e-09,4.868639269517416e-09,5.059382246486166e-09,2.613250504879261e-09,2.6517172901918684e-09,3.042748941695095e-09,4.536800712884315e-09,3.860237018926682e-09,2.674531041080286e-09,0.0,40.75518035888672,44.92619323730469,87.03547668457031,93.64205932617188,5.734828948974609,8.266845703125,32.18621063232422,45.152950286865234,37.69889831542969,7.865044116973877,0.0,2122.9842747920193
850000.0,2.846153736114502,10.0,1.0,0.9230769276618958,1.0422072926896675e-11,1.0422072926896675e-11,2.832850447276325e-11,0.790960431098938,7.310856631193019e-08,1.56147038936615,aer,3.744575494124547e-08,3.865104680755849e-09,5.30016786015608e-09,5.5118416497634826e-09,2.8481492719834023e-09,2.8909032945279023e-09,3.3253144682277025e-09,4.854169510792872e-09,4.154809829515216e-09,2.912347474293142e-09,0.0,38.754459381103516,44.90061569213867,86.98591613769531,93.70683288574219,5.876702785491943,8.471359252929688,32.828250885009766,43.10886001586914,36.10772705078125,7.935035228729248,0.0,2088.700465291273
850000.0,2.846153736114502,10.0,1.0,0.9615384340286255,1.1150380098412516e-11,1.1150380098412516e-11,3.101360487867133e-11,0.8022599220275879,7.854478667468356e-08,1.5460566282272339,aer,3.996404274175802e-08,4.193490443782366e-09,5.7497984151666515e-09,5.98358118608644e-09,3.0934743655564034e-09,3.1406535150324544e-09,3.621034361245279e-09,5.179430662138884e-09,4.458842184362766e-09,3.1604447947586323e-09,0.0,36.9436149597168,44.87424850463867,86.9348373413086,93.76774597167969,6.047603130340576,8.7177152633667,33.449745178222656,41.09436798095703,34.52743911743164,8.03372859954834,0.0,2046.105550791137
850000.0,2.846153736114502,10.0,1.0,1.0,1.189257806816224e-11,1.189257806816224e-11,3.3850630631881984e-11,0.8022599220275879,8.416721897219759e-08,1.531737208366394,aer,4.2554805901318105e-08,4.535234854330383e-09,6.217485637449727e-09,6.474885516638551e-09,3.3491045492439753e-09,3.4011409244527613e-09,3.9298924114916645e-09,5.513445255900251e-09,4.7722163998287215e-09,3.419007077454239e-09,0.0,35.25178909301758,44.84748077392578,86.88298034667969,93.8246078491211,6.204278945922852,8.943565368652344,34.04544448852539,39.21316146850586,33.079498291015625,8.163233757019043,0.0,2012.9942054580897
850000.0,4.692307472229004,10.0,1.0,0.5,3.651535237375603e-12,3.651535237375603e-12,7.419029800226351e-12,0.11299435049295425,2.857423986313279e-08,2.0800604820251465,aer,1.743786626207111e-08,1.135889160508441e-09,1.5595245095312293e-09,1.6021173276925538e-09,8.299787523924351e-10,8.406689788742483e-10,9.260243127862111e-10,1.913387670526845e-09,1.4695666905595317e-09,8.59215365522914e-10,0.0,115.14216613769531,45.200069427490234,87.56605529785156,92.88333892822266,3.334285020828247,4.806424140930176,23.58510398864746,89.984619140625,75.10778045654297,7.635351657867432,0.0,2754.2986294580624
850000.0,4.692307472229004,10.0,1.0,0.5384615659713745,4.142176619065241e-12,4.142176619065241e-12,8.663281897414166e-12,0.24858756363391876,3.276075233316078e-08,2.0562961101531982,aer,1.9908132031787318e-08,1.316973530229859e-09,1.8082152442033816e-09,1.8612907881632168e-09,9.62094404144409e-10,9.743125195527114e-10,1.0806529004980803e-09,2.165531087783279e-09,1.6881085418418706e-09,9.954409518897478e-10,0.0,108.8101577758789,45.18422317504883,87.53534698486328,93.05579376220703,3.2318201065063477,4.658719539642334,24.647592544555664,86.02459716796875,73.04072570800781,7.411599159240723,0.0,2645.3272442915477
850000.0,4.692307472229004,10.0,1.0,0.5769230723381042,4.6551495297419976e-12,4.6551495297419976e-12,1.0011493370432056e-11,0.3050847351551056,3.7142147135682535e-08,2.030824661254883,aer,2.2455543202681838e-08,1.5118050145090933e-09,2.07529593510003e-09,2.139784349708407e-09,1.1038796543516582e-09,1.1176234382404004e-09,1.247727698938661e-09,2.429465517650442e-09,1.9196151335165723e-09,1.1414018619149147e-09,0.0,102.53577423095703,45.16725158691406,87.50247955322266,93.20216369628906,3.145643711090088,4.534494400024414,25.637861251831055,82.2806625366211,70.97344207763672,7.223203659057617,0.0,2571.3901382922195
850000.0,4.692307472229004,10.0,1.0,0.6153846383094788,5.1965935894682236e-12,5.1965935894682236e-12,1.1493202223267218e-11,0.40112996101379395,4.17188772416921e-08,2.0048439502716064,aer,2.5081007493099605e-08,1.7198397150863798e-09,2.3607287236160346e-09,2.437700041824087e-09,1.255422654722338e-09,1.2706220520186662e-09,1.4271551718181286e-09,2.705496493504711e-09,2.163708989755264e-09,1.2971956842022792e-09,0.0,96.7364501953125,45.14906692504883,87.46724700927734,93.32568359375,3.1690309047698975,4.568207263946533,26.55447769165039,78.80365753173828,68.29150390625,7.16702938079834,0.0,2488.1352597908117
850000.0,4.692307472229004,10.0,1.0,0.6538461446762085,5.761779074686668e-12,5.761779074686668e-12,1.3078737745586544e-11,0.44632768630981445,4.647223406095691e-08,1.978261113166809,aer,2.7768194854616013e-08,1.9414763130498613e-09,2.664451770328924e-09,2.754823036354992e-09,1.4166311457231018e-09,1.4333401132660128e-09,1.6191841201163015e-09,2.9921349842254585e-09,2.4191000314033317e-09,1.4628981359621207e-09,0.0,91.28177642822266,45.1295280456543,87.42939758300781,93.4339828491211,3.256319761276245,4.694035053253174,27.43191146850586,75.54354095458984,65.71622467041016,7.073404788970947,0.0,2424.649667208083
850000.0,4.692307472229004,10.0,1.0,0.692307710647583,6.3489708282404855e-12,6.3489708282404855e-12,1.477342206901433e-11,0.4858756959438324,5.1394948741290136e-08,1.9514769315719604,aer,3.0510282300610925e-08,2.1763930657670016e-09,2.9867095463487203e-09,3.0913511750441103e-09,1.5875848413671179e-09,1.60611213217976e-09,1.8239130206154641e-09,3.2885290046635873e-09,2.6855204726672355e-09,1.6385554024722637e-09,0.0,86.25648498535156,45.1090202331543,87.38966369628906,93.53020477294922,3.371433734893799,4.859974384307861,28.273420333862305,72.10700988769531,63.02338790893555,6.971390247344971,0.0,2364.374558582902
850000.0,4.692307472229004,10.0,1.0,0.7307692170143127,6.9572867432421415e-12,6.9572867432421415e-12,1.6591231860596523e-11,0.508474588394165,5.649321721534761e-08,1.9252054691314697,aer,3.3313444447458096e-08,2.4244550811403087e-09,3.327193853763788e-09,3.4472140697516807e-09,1.7684537167994563e-09,1.789065895430042e-09,2.041249391737665e-09,3.59505558655826e-09,2.9625939479416274e-09,1.8244957766810899e-09,0.0,81.6400146484375,45.08808517456055,87.3490982055664,93.6150131225586,3.489912986755371,5.030764102935791,29.0650634765625,68.79306030273438,60.32200241088867,6.917848587036133,0.0,2305.153027166147
850000.0,4.692307472229004,10.0,1.0,0.7692307829856873,7.586183417562786e-12,7.586183417562786e-12,1.854032552484064e-11,0.5367231369018555,6.175610423042599e-08,1.8993622064590454,aer,3.616925425831141e-08,2.6861994850690962e-09,3.6857601415363206e-09,3.822409944120864e-09,1.959372664117609e-09,1.9819696994716196e-09,2.2713548819552898e-09,3.9105279014961525e-09,3.249057467513694e-09,2.0201957884324884e-09,0.0,77.39374542236328,45.06637191772461,87.30705261230469,93.69147491455078,3.6334450244903564,5.237667560577393,29.82190704345703,65.6153335571289,57.593650817871094,6.911528587341309,0.0,2263.0601475411095
850000.0,4.692307472229004,10.0,1.0,0.807692289352417,8.23568643837369e-12,8.23568643837369e-12,2.061895792992985e-11,0.5593220591545105,6.718168066299768e-08,1.8741321563720703,aer,3.9075953139899866e-08,2.960972578236465e-09,4.0628629349726e-09,4.217030280528888e-09,2.1602784006091724e-09,2.1850472542439547e-09,2.514328523162135e-09,4.2347476636450665e-09,3.5445497648112223e-09,2.2259096787990984e-09,0.0,73.45728302001953,45.04384994506836,87.26341247558594,93.76132202148438,3.7972257137298584,5.473759651184082,30.551218032836914,62.65462875366211,54.983642578125,6.928302764892578,0.0,2208.7073942921124
850000.0,4.692307472229004,10.0,1.0,0.8461538553237915,8.902996395665497e-12,8.902996395665497e-12,2.2827561022009668e-11,0.5762712359428406,7.277738944821976e-08,1.8498611450195312,aer,4.203973347216561e-08,3.2497278201759627e-09,4.458184932332188e-09,4.6309605039596136e-09,2.3712822816435164e-09,2.3983821595408017e-09,2.7701154703407838e-09,4.5681431970479025e-09,3.8491707599064284e-09,2.4416813015903926e-09,0.0,69.84493255615234,45.021060943603516,87.2192611694336,93.8248291015625,3.9506614208221436,5.694940090179443,31.24532127380371,59.96663284301758,52.6472282409668,6.972940921783447,0.0,2162.695695417002
850000.0,4.692307472229004,10.0,1.0,0.8846153616905212,9.58962857039447e-12,9.58962857039447e-12,2.516688420162172e-11,0.5875706672668457,7.853728334339394e-08,1.8264517784118652,aer,4.5056097519591276e-08,3.551623883879529e-09,4.871657743876767e-09,5.064178409952547e-09,2.5924480340222544e-09,2.6221074200805106e-09,3.0388402905145995e-09,4.910306383720808e-09,4.162666211726673e-09,2.6673525610476645e-09,0.0,66.54899597167969,44.99774932861328,87.1740951538086,93.88323974609375,4.119237899780273,5.937945365905762,31.90985870361328,57.40879821777344,50.38327407836914,7.03006649017334,0.0,2122.9842747920193
850000.0,4.692307472229004,10.0,1.0,0.9230769276618958,1.0292407551237837e-11,1.0292407551237837e-11,2.7624461745867634e-11,0.6271186470985413,8.44654337583961e-08,1.8040330410003662,aer,4.8128999452501375e-08,3.866429842958041e-09,5.303643746401576e-09,5.516851864229011e-09,2.823733247225846e-09,2.8562854303970653e-09,3.320568486842035e-09,5.260675006724114e-09,4.48516113138453e-09,2.9031017589886687e-09,0.0,63.44219970703125,44.97426986694336,87.12860870361328,93.9372787475586,4.274213790893555,6.161345958709717,32.54825210571289,55.094764709472656,48.422481536865234,7.0744242668151855,0.0,2088.700465291273
850000.0,4.692307472229004,10.0,1.0,0.9615384340286255,1.1010814655876278e-11,1.1010814655876278e-11,3.0229957426186616e-11,0.6271186470985413,9.055031569005223e-08,1.7823705673217773,aer,5.124711321968789e-08,4.194997238471387e-09,5.753821419318683e-09,5.988783691179833e-09,3.0652591576085797e-09,3.100960155322241e-09,3.615392207834134e-09,5.618658427408718e-09,4.816282928032933e-09,3.1490499097230895e-09,0.0,60.61015701293945,44.9503173828125,87.08222198486328,93.98775482177734,4.430076599121094,6.3860249519348145,33.16444778442383,52.752933502197266,46.403873443603516,7.157705783843994,0.0,2046.105550791137
850000.0,4.692307472229004,10.0,1.0,1.0,1.1748583876591834e-11,1.1748583876591834e-11,3.2966442076176605e-11,0.627118706703186,9.680718449089909e-08,1.7617686986923218,aer,5.442521811005463e-08,4.536987230352452e-09,6.222002468803112e-09,6.480402436892518e-09,3.3170304281071594e-09,3.356204869575663e-09,3.923313673936946e-09,5.984726048069433e-09,5.1561257485843726e-09,3.405169701764521e-09,0.0,57.89875030517578,44.92586135864258,87.03483581542969,94.0346908569336,4.611443519592285,6.647467613220215,33.75701141357422,50.65544509887695,44.55369567871094,7.232299327850342,0.0,2012.9942054580897
850000.0,6.538461685180664,10.0,1.0,0.5,3.658469360789951e-12,3.658469360789951e-12,7.491018222394175e-12,0.0,2.9688370872804626e-08,2.161163568496704,aer,1.8510215582523415e-08,1.135917027106359e-09,1.5595931213141512e-09,1.602531440880739e-09,8.301362375284782e-10,8.411779606198877e-10,9.260880395878246e-10,1.941577565389707e-09,1.4811161186401023e-09,8.600196110819525e-10,0.0,135.9602508544922,45.21177291870117,87.58872985839844,92.972900390625,3.5074028968811035,5.055975914001465,23.614639282226562,96.42457580566406,78.562744140625,8.011582374572754,0.0,2754.2986294580624
850000.0,6.538461685180664,10.0,1.0,0.5384615659713745,4.151648642924943e-12,4.151648642924943e-12,8.761275559210357e-12,0.0,3.427226147323381e-08,2.1511690616607666,aer,2.136191312729352e-08,1.3170161627940047e-09,1.80831616347632e-09,1.8617895003458784e-09,9.623143393255873e-10,9.74984537549517e-10,1.0807460482098463e-09,2.2045449910024217e-09,1.7041505984138894e-09,9.96487115045852e-10,0.0,133.55044555664062,45.19915771484375,87.56428527832031,93.15245056152344,3.436070442199707,4.95314884185791,24.68448829650879,93.82592010498047,77.1488265991211,7.857023239135742,0.0,2645.3272442915477
850000.0,6.538461685180664,10.0,1.0,0.5769230723381042,4.666863250013531e-12,4.666863250013531e-12,1.0132841614385324e-11,0.0,3.9143490226933864e-08,2.1402523517608643,aer,2.437927371090609e-08,1.5118571949912507e-09,2.075444038851515e-09,2.140384536275519e-09,1.1041640934905672e-09,1.1184462245239501e-09,1.2478602595678012e-09,2.48197040697562e-09,1.941246718928369e-09,1.1428397117541067e-09,0.0,130.41835021972656,45.185916900634766,87.53863525390625,93.30634307861328,3.3647682666778564,4.850366115570068,25.68177604675293,91.25665283203125,75.72968292236328,7.7022504806518555,0.0,2571.3901382922195
850000.0,6.538461685180664,10.0,1.0,0.6153846383094788,5.204697783867118e-12,5.204697783867118e-12,1.16036529343444e-11,0.0,4.4287979505952535e-08,2.1283047199249268,aer,2.754861405662723e-08,1.7199174306981035e-09,2.360940332124528e-09,2.4384172458979947e-09,1.2557459516671088e-09,1.2717035202669535e-09,1.4273341397696981e-09,2.773805629630033e-09,2.192353187879803e-09,1.2991463460565456e-09,0.0,126.50044250488281,45.172027587890625,87.51173400878906,93.43685150146484,3.29270601272583,4.746487617492676,26.59756851196289,88.65048217773438,74.28866577148438,7.545502662658691,0.0,2488.1352597908117
850000.0,6.538461685180664,10.0,1.0,0.6538461446762085,5.761763462175384e-12,5.761763462175384e-12,1.3173555128698222e-11,0.033898305147886276,4.967817091028337e-08,2.1147336959838867,aer,3.084427291355496e-08,1.941584226727855e-09,2.6647368756016476e-09,2.755669692433571e-09,1.4170500328702929e-09,1.434576124559328e-09,1.6194118268586521e-09,3.0785458626780837e-09,2.4570765422282648e-09,1.465246257659203e-09,0.0,121.74693298339844,45.15716552734375,87.4829330444336,93.55120849609375,3.2180161476135254,4.638820648193359,27.460655212402344,85.91351318359375,72.78810119628906,7.382702827453613,0.0,2424.649667208083
850000.0,6.538461685180664,10.0,1.0,0.692307710647583,6.337325629546253e-12,6.337325629546253e-12,1.4844086029808246e-11,0.14124295115470886,5.5291536682489095e-08,2.099431276321411,aer,3.424433003829108e-08,2.1765318436450798e-09,2.987101010987203e-09,3.0923570371044207e-09,1.5880220471942152e-09,1.6073701258889628e-09,1.8241761434723003e-09,3.395295378183505e-09,2.7349837949941502e-09,1.6413751469102067e-09,0.0,116.37969970703125,45.14130783081055,87.45221710205078,93.65227508544922,3.14180850982666,4.528965950012207,28.280174255371094,83.08397674560547,71.24935150146484,7.216227054595947,0.0,2364.374558582902
850000.0,6.538461685180664,10.0,1.0,0.7307692170143127,6.9318578654886664e-12,6.9318578654886664e-12,1.66146801178213e-11,0.2429378628730774,6.111262251806693e-08,2.082628011703491,aer,3.773429213538293e-08,2.424632494779644e-09,3.3277014477306466e-09,3.4483786937045124e-09,1.7687982190039975e-09,1.789768000470815e-09,2.0415267254492164e-09,3.7240683870010116e-09,3.0261366745776286e-09,1.8273200730334338e-09,0.0,110.83297729492188,45.12483596801758,87.42030334472656,93.74048614501953,3.0677618980407715,4.422226905822754,29.045053482055664,80.26873779296875,69.73155212402344,7.054100036621094,0.0,2305.153027166147
850000.0,6.538461685180664,10.0,1.0,0.7692307829856873,7.547944040620091e-12,7.547944040620091e-12,1.8528839920706197e-11,0.3333333134651184,6.712195954605704e-08,2.0643937587738037,aer,4.12960439177823e-08,2.6864377389301808e-09,3.68642871784175e-09,3.823747984910142e-09,1.959195028433669e-09,1.98201299816958e-09,2.2716104552955585e-09,4.0636898290813406e-09,3.3296891910339355e-09,2.0231132324965984e-09,0.0,105.40353393554688,45.1071891784668,87.38612365722656,93.81898498535156,3.052269220352173,4.3998942375183105,29.772314071655273,77.4986343383789,67.60030364990234,6.999516487121582,0.0,2263.0601475411095
850000.0,6.538461685180664,10.0,1.0,0.807692289352417,8.18769618077253e-12,8.18769618077253e-12,2.0552224852532497e-11,0.3615819215774536,7.330866935717495e-08,2.045053482055664,aer,4.491969107789373e-08,2.961292544512162e-09,4.0637169185231414e-09,4.218547733358946e-09,2.1592856391805526e-09,2.1840258490612996e-09,2.514517039031716e-09,4.413895471344631e-09,3.6447478368728525e-09,2.228934592451992e-09,0.0,100.2382583618164,45.088172912597656,87.34928131103516,93.88970184326172,3.1130032539367676,4.487442493438721,30.47662925720215,74.79638671875,65.32666015625,6.9171342849731445,0.0,2208.7073942921124
850000.0,6.538461685180664,10.0,1.0,0.8461538553237915,8.848582457032794e-12,8.848582457032794e-12,2.2691338391611637e-11,0.3898305296897888,7.96710182271454e-08,2.0250837802886963,aer,4.860385161009617e-08,3.2501143998331372e-09,4.459245861454519e-09,4.632662697900969e-09,2.3692330319846633e-09,2.3959370043513672e-09,2.770185414391335e-09,4.7745767339790746e-09,3.970529238728204e-09,2.444689117808707e-09,0.0,95.49594116210938,45.06828689575195,87.31075286865234,93.95304870605469,3.212320566177368,4.630610466003418,31.151731491088867,71.7652587890625,62.72286605834961,6.838085174560547,0.0,2162.695695417002
850000.0,6.538461685180664,10.0,1.0,0.8846153616905212,9.52753848038057e-12,9.52753848038057e-12,2.4979629476007403e-11,0.4124293923377991,8.620065017339584e-08,2.0046699047088623,aer,5.234280919808043e-08,3.5521134922333886e-09,4.872963366153726e-09,5.066105313034086e-09,2.589187975132745e-09,2.6180462242564317e-09,3.0387481420035556e-09,5.14392972661426e-09,4.306302869849787e-09,2.6704423117251963e-09,0.0,91.08544921875,45.04753112792969,87.27053833007812,94.01055145263672,3.3293650150299072,4.799331188201904,31.802425384521484,68.7637710571289,60.1183967590332,6.834763526916504,0.0,2122.9842747920193
850000.0,6.538461685180664,10.0,1.0,0.9230769276618958,1.022351647783637e-11,1.022351647783637e-11,2.739315198285741e-11,0.4406780004501343,9.289474434126532e-08,1.9840682744979858,aer,5.6134002335284094e-08,3.86702581067766e-09,5.305210049044717e-09,5.518943080318195e-09,2.8191233791829973e-09,2.85034840175058e-09,3.32025718030593e-09,5.522499790799884e-09,4.651182550219346e-09,2.906145546432981e-09,0.0,86.9367904663086,45.02629089355469,87.22940063476562,94.06302642822266,3.449373960494995,4.972326755523682,32.430240631103516,65.97655487060547,57.815185546875,6.842374801635742,0.0,2088.700465291273
850000.0,6.538461685180664,10.0,1.0,0.9615384340286255,1.0937255441600957e-11,1.0937255441600957e-11,2.994434908365484e-11,0.4519774317741394,9.974404946433424e-08,1.963337779045105,aer,5.996918162054499e-08,4.195691349906383e-09,5.755688814446103e-09,5.9910632010939935e-09,3.058940434286228e-09,3.092883726907303e-09,3.6148046778095022e-09,5.9087952308800595e-09,5.005297065707737e-09,3.151699790038265e-09,0.0,83.0791015625,45.004276275634766,87.18675231933594,94.11145782470703,3.591482162475586,5.1771769523620605,33.0384407043457,63.3654670715332,55.48093032836914,6.873660564422607,0.0,2046.105550791137
850000.0,6.538461685180664,10.0,1.0,1.0,1.1663467934519556e-11,1.1663467934519556e-11,3.264075121300891e-11,0.4802260100841522,1.0675557859940454e-07,1.9428168535232544,aer,6.385371875694545e-08,4.537837217100105e-09,6.224185611358735e-09,6.48291598182027e-09,3.3089027073884836e-09,3.345506760510375e-09,3.92238330704231e-09,6.3039746756032855e-09,5.368783195791593e-09,3.4073746046914266e-09,0.0,79.54287719726562,44.98196029663086,87.14350128173828,94.1559829711914,3.717336654663086,5.358598232269287,33.62282943725586,60.842227935791016,53.423805236816406,6.943694591522217,0.0,2012.9942054580897
850000.0,8.384614944458008,10.0,1.0,0.5,3.660801262822533e-12,3.660801262822533e-12,7.515233227395335e-12,0.0,3.0080933299814205e-08,2.1897401809692383,aer,1.8887847730297835e-08,1.1359267970689757e-09,1.559617102131483e-09,1.6026816540559707e-09,8.302195042553251e-10,8.413404972706928e-10,9.261109101821319e-10,1.951588890491962e-09,1.4852410412657946e-09,8.603584511490681e-10,0.0,142.16651916503906,45.21573257446289,87.59639739990234,93.00375366210938,3.565399408340454,5.139578819274902,23.62456703186035,98.49578857421875,79.70675659179688,8.136968612670898,0.0,2754.2986294580624
850000.0,8.384614944458008,10.0,1.0,0.5384615659713745,4.1550048991700894e-12,4.1550048991700894e-12,8.795608338885152e-12,0.0,3.4795579750834804e-08,2.184016227722168,aer,2.186495251521592e-08,1.317031372849442e-09,1.8083530228807376e-09,1.861967247052121e-09,9.623912777811938e-10,9.752439966703719e-10,1.0807786887667703e-09,2.2181472214555242e-09,1.7097604443350178e-09,9.96952520537775e-10,0.0,141.362548828125,45.204471588134766,87.5745849609375,93.18485260009766,3.5077993869781494,5.05654764175415,24.69721794128418,96.45442962646484,78.57144165039062,8.012476921081543,0.0,2645.3272442915477
850000.0,8.384614944458008,10.0,1.0,0.5769230723381042,4.67163677533855e-12,4.67163677533855e-12,1.0181330604985828e-11,0.0,3.9837708243339875e-08,2.1782102584838867,aer,2.504645557621643e-08,1.511875513671157e-09,2.0754953311552526e-09,2.140595034560988e-09,1.1042770031721716e-09,1.1188072690515583e-09,1.2479062228010207e-09,2.5001334336138825e-09,1.948805339324622e-09,1.143364514177847e-09,0.0,140.38674926757812,45.19266891479492,87.55171203613281,93.34061431884766,3.4541983604431152,4.979280948638916,25.69804573059082,94.62185668945312,77.51262664794922,7.896518230438232,0.0,2571.3901382922195
850000.0,8.384614944458008,10.0,1.0,0.6153846383094788,5.211456700210393e-12,5.211456700210393e-12,1.1671702666860018e-11,0.0,4.520385488149259e-08,2.17231822013855,aer,2.842839741390435e-08,1.719943965028392e-09,2.3610129407103386e-09,2.438662383141832e-09,1.2559353557151098e-09,1.2721587117070499e-09,1.427396978392892e-09,2.7980755490375486e-09,2.202435345211029e-09,1.2998370158001649e-09,0.0,139.207763671875,45.180721282958984,87.52857208251953,93.4733657836914,3.403965950012207,4.906869888305664,26.618213653564453,92.93480682373047,76.51807403564453,7.787735462188721,0.0,2488.1352597908117
850000.0,8.384614944458008,10.0,1.0,0.6538461446762085,5.771146581456943e-12,5.771146581456943e-12,1.3267564130670095e-11,0.0,5.088553223231429e-08,2.1661293506622314,aer,3.200379339318715e-08,1.9416215302214823e-09,2.664836129540049e-09,2.7559521331710357e-09,1.4172564233305707e-09,1.4352524724259297e-09,1.6194987573214803e-09,3.1106848208395377e-09,2.4704702727973427e-09,1.4661626357437285e-09,0.0,137.7266845703125,45.168418884277344,87.50474548339844,93.59046173095703,3.355012893676758,4.836303234100342,27.486797332763672,91.30575561523438,75.54712677001953,7.681640625,0.0,2424.649667208083
850000.0,8.384614944458008,10.0,1.0,0.692307710647583,6.3499422733870325e-12,6.3499422733870325e-12,1.4969947156884267e-11,0.0,5.687270032694869e-08,2.159468173980713,aer,3.576280249717456e-08,2.1765793611905337e-09,2.987241121132911e-09,3.0926867733427343e-09,1.5883392379123507e-09,1.6082298825992325e-09,1.824294160179818e-09,3.4375531310359975e-09,2.752515548820611e-09,1.6424576143592162e-09,0.0,135.82688903808594,45.1555061340332,87.4797134399414,93.6947250366211,3.3060929775238037,4.76578426361084,28.312698364257812,89.67416381835938,74.57502746582031,7.575530529022217,0.0,2364.374558582902
850000.0,8.384614944458008,10.0,1.0,0.7307692170143127,6.947994696943072e-12,6.947994696943072e-12,1.6775780417588315e-11,0.0,6.315595868500168e-08,2.152261734008789,aer,3.969632089706465e-08,2.4246959995366524e-09,3.327886632931154e-09,3.448761498603403e-09,1.7691376141826254e-09,1.790950943103553e-09,2.041681712583454e-09,3.778810597765414e-09,3.0488953584040246e-09,1.8288149883360916e-09,0.0,133.3917694091797,45.142303466796875,87.45413970947266,93.78646087646484,3.256368398666382,4.694106101989746,29.08419418334961,87.98026275634766,73.58427429199219,7.467547416687012,0.0,2305.153027166147
850000.0,8.384614944458008,10.0,1.0,0.7692307829856873,7.562558218543458e-12,7.562558218543458e-12,1.8684873093199883e-11,0.0,6.971676214106992e-08,2.1441991329193115,aer,4.3786542391899275e-08,2.6865247804153114e-09,3.686680072334525e-09,3.824192962298412e-09,1.9596317901715565e-09,1.9836701170561355e-09,2.2718147363320895e-09,4.133598796585147e-09,3.359122091595168e-09,2.0249935062111035e-09,0.0,130.22181701660156,45.128421783447266,87.42726135253906,93.8686752319336,3.204371929168701,4.619152069091797,29.81610870361328,86.1456527709961,72.5448989868164,7.354467391967773,0.0,2263.0601475411095
850000.0,8.384614944458008,10.0,1.0,0.807692289352417,8.1931249978906e-12,8.1931249978906e-12,2.0696102817630013e-11,0.0,7.65337802022259e-08,2.1350228786468506,aer,4.801315611757673e-08,2.9614173335801297e-09,4.0640570908578866e-09,4.2190588800394835e-09,2.15985629381521e-09,2.1859787313616152e-09,2.514775720996454e-09,4.501375272525365e-09,3.6829976846064483e-09,2.2311104075356525e-09,0.0,126.15331268310547,45.113834381103516,87.39898681640625,93.9430160522461,3.1483755111694336,4.538432598114014,30.516143798828125,84.10523986816406,71.421142578125,7.232477188110352,0.0,2208.7073942921124
850000.0,8.384614944458008,10.0,1.0,0.8461538553237915,8.839384953163165e-12,8.839384953163165e-12,2.280686403621779e-11,0.11864406615495682,8.358122016716152e-08,2.1244735717773438,aer,5.235012423554508e-08,3.2502682767443503e-09,4.459682845237012e-09,4.633242678409033e-09,2.369843876692812e-09,2.3978474761321422e-09,2.7704945004813908e-09,4.881917092802723e-09,4.020434651863525e-09,2.4473629789412144e-09,0.0,121.23726654052734,45.098506927490234,87.36929321289062,94.00967407226562,3.0888376235961914,4.45260763168335,31.17813491821289,81.85830688476562,70.22084045410156,7.1025071144104,0.0,2162.695695417002
850000.0,8.384614944458008,10.0,1.0,0.8846153616905212,9.499713515825903e-12,9.499713515825903e-12,2.5017410018590702e-11,0.21468926966190338,9.083267826781594e-08,2.112391710281372,aer,5.677318171137813e-08,3.5523244346080673e-09,4.873526915361026e-09,5.0667821049898976e-09,2.589579883860438e-09,2.6197639613201318e-09,3.039087870249091e-09,5.273945724582063e-09,4.3710302044530636e-09,2.67345190430035e-09,0.0,115.74887084960938,45.0823860168457,87.33806610107422,94.07003784179688,3.0265188217163086,4.36277437210083,31.80867576599121,79.4328842163086,68.95784759521484,6.966151237487793,0.0,2122.9842747920193
850000.0,8.384614944458008,10.0,1.0,0.9230769276618958,1.0182587412144173e-11,1.0182587412144173e-11,2.7388501189218317e-11,0.2768361568450928,9.826462843420813e-08,2.098759651184082,aer,6.126084173274648e-08,3.867296261006459e-09,5.3059325821891434e-09,5.519703361045458e-09,2.819094291339752e-09,2.8513349459302617e-09,3.320600905354354e-09,5.676751069216834e-09,4.733854197525034e-09,2.9092093178917366e-09,0.0,110.30306243896484,45.0650520324707,87.30448913574219,94.124755859375,3.0251355171203613,4.360780715942383,32.41328048706055,76.94117736816406,66.78871154785156,6.928041458129883,0.0,2088.700465291273
850000.0,8.384614944458008,10.0,1.0,0.9615384340286255,1.0888797676023021e-11,1.0888797676023021e-11,2.98649854846289e-11,0.305084764957428,1.0586003185153459e-07,2.083723306655884,aer,6.579774947113037e-08,4.1960244168137706e-09,5.756589427363679e-09,5.991914076020066e-09,3.058262976196602e-09,3.0926479155368725e-09,3.6151150961671874e-09,6.089269977138656e-09,5.107151590522108e-09,3.1553086810021114e-09,0.0,105.2914047241211,45.04613494873047,87.2678451538086,94.17481231689453,3.100710153579712,4.469722270965576,33.00139617919922,74.14295959472656,64.09362030029297,6.8499555587768555,0.0,2046.105550791137
850000.0,8.384614944458008,10.0,1.0,1.0,1.1612692578377715e-11,1.1612692578377715e-11,3.249081212408633e-11,0.32768362760543823,1.1362353546928716e-07,2.067805051803589,aer,7.038995164521111e-08,4.538268427722869e-09,6.2253024957215075e-09,6.483894754438779e-09,3.3073059846344677e-09,3.344079235745312e-09,3.9226182302343204e-09,6.510895822486873e-09,5.48999112837123e-09,3.4112315194789744e-09,0.0,100.71864318847656,45.02619171142578,87.22920227050781,94.2204360961914,3.2074973583221436,4.623657703399658,33.572486877441406,71.23809051513672,61.66770935058594,6.822370529174805,0.0,2012.9942054580897
850000.0,10.230769157409668,10.0,1.0,0.5,3.6618021982681714e-12,3.6618021982681714e-12,7.525687538423309e-12,0.0,3.0259680983135695e-08,2.202752113342285,aer,1.9059845257629604e-08,1.1359314600056791e-09,1.5596286484509392e-09,1.6027461580137015e-09,8.302493692546875e-10,8.414124952338398e-10,9.261213462785634e-10,1.9561436914727892e-09,1.4871105458169609e-09,8.604908452447546e-10,0.0,144.6578369140625,45.217430114746094,87.59969329833984,93.01758575439453,3.5904064178466797,5.1756272315979,23.628944396972656,99.37042236328125,80.19810485839844,8.190938949584961,0.0,2754.2986294580624
850000.0,10.230769157409668,10.0,1.0,0.5384615659713745,4.156378800163063e-12,4.156378800163063e-12,8.809736794235246e-12,0.0,3.502977818925501e-08,2.198716163635254,aer,2.2090116402750937e-08,1.3170379231652873e-09,1.8083695652038045e-09,1.8620466279983816e-09,9.624214758474636e-10,9.753670093815003e-10,1.0807935657553003e-09,2.2242419017715065e-09,1.7122753215303987e-09,9.971077297166175e-10,0.0,144.28390502929688,45.20668411254883,87.57886505126953,93.19928741455078,3.5372092723846436,5.098942279815674,24.702560424804688,97.50360107421875,79.15189361572266,8.076077461242676,0.0,2645.3272442915477
850000.0,10.230769157409668,10.0,1.0,0.5769230723381042,4.673505939883915e-12,4.673505939883915e-12,1.0200361388879031e-11,0.0,4.0139404688943614e-08,2.1947059631347656,aer,2.5336225562000436e-08,1.5118838403438417e-09,2.0755186458387698e-09,2.1406891814734763e-09,1.104342617352927e-09,1.1189792425980727e-09,1.2479265398823713e-09,2.50813725344301e-09,1.9520991489940798e-09,1.1436013247489996e-09,0.0,143.856689453125,45.195457458496094,87.55712127685547,93.3555679321289,3.4889142513275146,5.029325008392334,25.704601287841797,95.88318634033203,78.20057678222656,7.9717278480529785,0.0,2571.3901382922195
850000.0,10.230769157409668,10.0,1.0,0.6153846383094788,5.213972049250559e-12,5.213972049250559e-12,1.169705911990837e-11,0.0,4.558707544788376e-08,2.1907341480255127,aer,2.879636973318611e-08,1.7199558444147556e-09,2.3610455812672626e-09,2.43877140704285e-09,1.2560003037620504e-09,1.2723876396947276e-09,1.4274242898792977e-09,2.808328014580752e-09,2.2066959370903305e-09,1.3000976961663469e-09,0.0,143.37445068359375,45.18414306640625,87.53520965576172,93.4887924194336,3.4450697898864746,4.966121673583984,26.626136779785156,94.45835876464844,77.33558654785156,7.876929759979248,0.0,2488.1352597908117
850000.0,10.230769157409668,10.0,1.0,0.6538461446762085,5.774519317575111e-12,5.774519317575111e-12,1.3301468433646324e-11,0.0,5.137067304872289e-08,2.186781167984009,aer,3.246940494250339e-08,1.941636851299222e-09,2.6648772077919602e-09,2.7560764781497937e-09,1.4173754392388105e-09,1.4355894251139034e-09,1.6195350616143855e-09,3.1237818998164357e-09,2.475934346435338e-09,1.4664605085812354e-09,0.0,142.8120880126953,45.17249298095703,87.51263427734375,93.60647583007812,3.4041709899902344,4.907166004180908,27.49635124206543,93.16258239746094,76.52818298339844,7.788475513458252,0.0,2424.649667208083
850000.0,10.230769157409668,10.0,1.0,0.692307710647583,6.35454406108793e-12,6.35454406108793e-12,1.5015677937157967e-11,0.0,5.7486605697931736e-08,2.1827783584594727,aer,3.635182821426497e-08,2.1765984570265573e-09,2.987297076373352e-09,3.092829548023701e-09,1.5884665804932752e-09,1.60865942788746e-09,1.8243418997698768e-09,3.454217356591016e-09,2.759475536961986e-09,1.6428904903165176e-09,0.0,142.14694213867188,45.16069030761719,87.4897689819336,93.71142578125,3.3655989170074463,4.851562976837158,28.324390411376953,91.96489715576172,75.7664566040039,7.705043792724609,0.0,2364.374558582902
850000.0,10.230769157409668,10.0,1.0,0.7307692170143127,6.954263553904383e-12,6.954263553904383e-12,1.6837623309506888e-11,0.0,6.393206319899036e-08,2.178710460662842,aer,4.04407742848889e-08,2.424721312621614e-09,3.3279596856061744e-09,3.4489240352542083e-09,1.7693088105730226e-09,1.7916464978284807e-09,2.0417425528052036e-09,3.79991149657144e-09,3.057699204944697e-09,1.8293797587887184e-09,0.0,141.3623504638672,45.14878463745117,87.46670532226562,93.80393981933594,3.3290698528289795,4.798905849456787,29.09857177734375,90.8341293334961,75.04452514648438,7.626002788543701,0.0,2305.153027166147
850000.0,10.230769157409668,10.0,1.0,0.7692307829856873,7.571137293493901e-12,7.571137293493901e-12,1.8768889220588392e-11,0.0,7.070277519005685e-08,2.1745247840881348,aer,4.473262293913649e-08,2.686558753239865e-09,3.686777771960692e-09,3.8243741506960305e-09,1.9599539768933028e-09,1.98413063756675e-09,2.2718944503452576e-09,4.160376487760686e-09,3.3703164703524635e-09,2.025764889168613e-09,0.0,140.41021728515625,45.13645935058594,87.44282531738281,93.88713073730469,3.2940850257873535,4.748474597930908,29.833812713623047,89.73946380615234,74.35255432128906,7.5502777099609375,0.0,2263.0601475411095
850000.0,10.230769157409668,10.0,1.0,0.807692289352417,8.204841320247347e-12,8.204841320247347e-12,2.0810485279465496e-11,0.0,7.779270561059093e-08,2.170142412185669,aer,4.9221501541296675e-08,2.961463518857954e-09,4.064183656282694e-09,4.219262716986805e-09,2.1601505029167356e-09,2.186402836557022e-09,2.5148769733362997e-09,4.535396058713559e-09,3.6971850025935282e-09,2.2322828030496566e-09,0.0,139.22940063476562,45.12388610839844,87.41845703125,93.96261596679688,3.259603500366211,4.6987690925598145,30.537973403930664,88.65039825439453,73.66975402832031,7.475604057312012,0.0,2208.7073942921124
850000.0,10.230769157409668,10.0,1.0,0.8461538553237915,8.85517267151803e-12,8.85517267151803e-12,2.29604113499704e-11,0.0,8.519678118545926e-08,2.1655380725860596,aer,5.390117863157684e-08,3.250325120163211e-09,4.459848490512286e-09,4.633467831638427e-09,2.3702093621125186e-09,2.3984978447799676e-09,2.7706252847536916e-09,4.9253250367087276e-09,4.0384406929661054e-09,2.448853786418681e-09,0.0,137.74610900878906,45.11103820800781,87.39356994628906,94.03072357177734,3.225391387939453,4.6494526863098145,31.205060958862305,87.54216766357422,72.9913101196289,7.401466369628906,0.0,2162.695695417002
850000.0,10.230769157409668,10.0,1.0,0.8846153616905212,9.52038968493607e-12,9.52038968493607e-12,2.5217938848243193e-11,0.0,9.290236846482003e-08,2.1605241298675537,aer,5.876072250998732e-08,3.5524039265766305e-09,4.873738745914125e-09,5.067044561712919e-09,2.590156311654823e-09,2.6205619896302323e-09,3.0392526273459453e-09,5.329278351950961e-09,4.393961194892881e-09,2.675253130135502e-09,0.0,135.82223510742188,45.09783935546875,87.36799621582031,94.09273529052734,3.1900196075439453,4.59846305847168,31.84149932861328,86.35282135009766,72.28829193115234,7.3247389793396,0.0,2122.9842747920193
850000.0,10.230769157409668,10.0,1.0,0.9230769276618958,1.020032756177125e-11,1.020032756177125e-11,2.758161754545796e-11,0.0,1.0089594582041173e-07,2.1549599170684814,aer,6.378755301739147e-08,3.867395292900255e-09,5.306203476607152e-09,5.519991574942651e-09,2.819843469836769e-09,2.8522617601112188e-09,3.3208098493275884e-09,5.7470024295014355e-09,4.7634491906478615e-09,2.9114259891827032e-09,0.0,133.25332641601562,45.08427047729492,87.34172058105469,94.14934539794922,3.1523168087005615,4.544114112854004,32.451072692871094,85.02403259277344,71.5365219116211,7.242835998535156,0.0,2088.700465291273
850000.0,10.230769157409668,10.0,1.0,0.9615384340286255,1.0892143090246442e-11,1.0892143090246442e-11,3.004936924289048e-11,0.0,1.0915113080045558e-07,2.1485044956207275,aer,6.895523085859168e-08,4.1961549790414665e-09,5.7569424782855094e-09,5.992235596607998e-09,3.0591136290780696e-09,3.0936075923193584e-09,3.6153748883549497e-09,6.177624189973585e-09,5.146801651534361e-09,3.1580420500887385e-09,0.0,129.7187042236328,45.070098876953125,87.31426239013672,94.20146942138672,3.110262632369995,4.483491897583008,33.03803634643555,83.45257568359375,70.69430541992188,7.15130090713501,0.0,2046.105550791137
850000.0,10.230769157409668,10.0,1.0,1.0,1.1595372231831824e-11,1.1595372231831824e-11,3.2615913442279876e-11,0.11864407360553741,1.1764098672983891e-07,2.1409175395965576,aer,7.42382866292246e-08,4.538448727942068e-09,6.2257647925889614e-09,6.484260239858486e-09,3.308048723837942e-09,3.34476668584216e-09,3.922924207699907e-09,6.620654691147365e-09,5.543811187891379e-09,3.4140361648837825e-09,0.0,124.93655395507812,45.05534744262695,87.28568267822266,94.24918365478516,3.062032699584961,4.413968086242676,33.59890365600586,81.5447769165039,69.72288513183594,7.046058654785156,0.0,2012.9942054580897
850000.0,12.076923370361328,10.0,1.0,0.5,3.662335192056165e-12,3.662335192056165e-12,7.53118487711868e-12,0.0,3.035015438968003e-08,2.2093381881713867,aer,1.914690095361493e-08,1.1359339024963333e-09,1.559634865699877e-09,1.6027745797231319e-09,8.302605825072362e-10,8.41454794731078e-10,9.261265643267791e-10,1.95843719019706e-09,1.4880481291612568e-09,8.605833823338571e-10,0.0,145.96034240722656,45.21839904785156,87.6015625,93.02438354492188,3.6035590171813965,5.194586753845215,23.63127899169922,99.82975769042969,80.45614624023438,8.219305992126465,0.0,2754.2986294580624
850000.0,12.076923370361328,10.0,1.0,0.5384615659713745,4.157083531575179e-12,4.157083531575179e-12,8.817003550876112e-12,0.0,3.5150847566001175e-08,2.206315279006958,aer,2.2206556593573623e-08,1.3170413648566637e-09,1.8083778918764892e-09,1.8620832653581942e-09,9.624363528359936e-10,9.754252960902932e-10,1.0808012262941702e-09,2.227374507057789e-09,1.7135692864655994e-09,9.97177451722564e-10,0.0,145.751220703125,45.20779800415039,87.58102416992188,93.20658874511719,3.5524158477783203,5.1208624839782715,24.705337524414062,98.04190826416016,79.45144653320312,8.108933448791504,0.0,2645.3272442915477
850000.0,12.076923370361328,10.0,1.0,0.5769230723381042,4.674445292646157e-12,4.674445292646157e-12,1.020992578676383e-11,0.0,4.029619304901644e-08,2.2032787799835205,aer,2.5486841082056344e-08,1.5118880591913353e-09,2.075530414202831e-09,2.1407360328851155e-09,1.1043684855494007e-09,1.1190725013321412e-09,1.2479371980234077e-09,2.512287267109059e-09,1.953815775834755e-09,1.143716898965863e-09,0.0,145.51670837402344,45.1969108581543,87.5599365234375,93.36325073242188,3.5063483715057373,5.0544562339782715,25.707958221435547,96.50878143310547,78.54524993896484,8.0094575881958,0.0,2571.3901382922195
850000.0,12.076923370361328,10.0,1.0,0.6153846383094788,5.215194595620254e-12,5.215194595620254e-12,1.170940427952516e-11,0.0,4.578511436648114e-08,2.2002511024475098,aer,2.8986480771209244e-08,1.719961950641391e-09,2.361062456657237e-09,2.4388260300156617e-09,1.2560348316981162e-09,1.2725297482418796e-09,1.4274386117563154e-09,2.8136257768096584e-09,2.2089112761136676e-09,1.300246799118554e-09,0.0,145.26206970214844,45.18587875366211,87.53856658935547,93.49675750732422,3.4649527072906494,4.994783401489258,26.630069732666016,95.18238067626953,77.72994232177734,7.920021057128906,0.0,2488.1352597908117
850000.0,12.076923370361328,10.0,1.0,0.6538461446762085,5.77609791593825e-12,5.77609791593825e-12,1.3317286509662019e-11,0.0,5.161689387023216e-08,2.1972625255584717,aer,3.2705649744002585e-08,1.9416452889942093e-09,2.6648996342970577e-09,2.7561395388175924e-09,1.4174336149253008e-09,1.435760954571208e-09,1.6195540464281066e-09,3.1304441261426064e-09,2.478730110055949e-09,1.4666327041723548e-09,0.0,144.97779846191406,45.1745719909668,87.51665496826172,93.6146469116211,3.426891326904297,4.939918041229248,27.500995635986328,94.00152587890625,76.9801025390625,7.837780475616455,0.0,2424.649667208083
850000.0,12.076923370361328,10.0,1.0,0.692307710647583,6.356557207681801e-12,6.356557207681801e-12,1.5035958589315612e-11,0.0,5.779051548415737e-08,2.1943178176879883,aer,3.664324665919594e-08,2.176608226989174e-09,2.9873257201273873e-09,3.0929032668325362e-09,1.5885303072948886e-09,1.608870925373651e-09,1.8243663246764186e-09,3.4625298184209896e-09,2.762980289006123e-09,1.643151059660397e-09,0.0,144.6575927734375,45.16305160522461,87.49433898925781,93.71981048583984,3.3916659355163574,4.889139652252197,28.329757690429688,92.9414291381836,76.28631591796875,7.761677265167236,0.0,2364.374558582902
850000.0,12.076923370361328,10.0,1.0,0.7307692170143127,6.956854363415754e-12,6.956854363415754e-12,1.686348977125718e-11,0.0,6.430332177842502e-08,2.1913623809814453,aer,4.079686277691508e-08,2.424733080985675e-09,3.3279943245645427e-09,3.4490073019810552e-09,1.7693964071696655e-09,1.791765402714418e-09,2.0417725288268684e-09,3.8100949062425116e-09,3.061996878273021e-09,1.8296952841723169e-09,0.0,144.30062866210938,45.15159606933594,87.4721450805664,93.8125228881836,3.3591225147247314,4.842228412628174,29.10481834411621,91.9759292602539,75.64531707763672,7.691367149353027,0.0,2305.153027166147
850000.0,12.076923370361328,10.0,1.0,0.7692307829856873,7.574507861207724e-12,7.574507861207724e-12,1.8802083154301208e-11,0.0,7.115555433756526e-08,2.188450336456299,aer,4.516667573284394e-08,2.6865754065852343e-09,3.686825733595356e-09,3.82446563307326e-09,1.960056339456173e-09,1.9842927301283453e-09,2.2719330861065146e-09,4.17289314214031e-09,3.375583812470495e-09,2.0262491684519546e-09,0.0,143.89419555664062,45.13994598388672,87.4495849609375,93.89591979980469,3.328974723815918,4.798768997192383,29.841203689575195,91.0833969116211,75.05155181884766,7.6262359619140625,0.0,2263.0601475411095
850000.0,12.076923370361328,10.0,1.0,0.807692289352417,8.209178996299027e-12,8.209178996299027e-12,2.0853093557482438e-11,0.0,7.834497495196047e-08,2.185548782348633,aer,4.975091272285681e-08,2.9614855012738417e-09,4.064244940593653e-09,4.21936574568349e-09,2.1603345778942185e-09,2.1866206623144535e-09,2.5149247129263586e-09,4.550655852142427e-09,3.703615414352157e-09,2.2328134896554275e-09,0.0,143.42591857910156,45.127864837646484,87.4261703491211,93.97168731689453,3.300528049468994,4.757762908935547,30.54658317565918,90.25159454345703,74.49139404296875,7.564785003662109,0.0,2208.7073942921124
850000.0,12.076923370361328,10.0,1.0,0.8461538553237915,8.860844349922736e-12,8.860844349922736e-12,2.3015402084158865e-11,0.0,8.586951594224956e-08,2.1826376914978027,aer,5.454602458598856e-08,3.2503506552927774e-09,4.459922209321121e-09,4.633581518476149e-09,2.3704855856010454e-09,2.3989032982285607e-09,2.7706845706632066e-09,4.943916387389891e-09,4.046259327594726e-09,2.449392910719439e-09,0.0,142.885986328125,45.1158561706543,87.40290832519531,94.04005432128906,3.2739009857177734,4.719379425048828,31.215179443359375,89.47061157226562,73.96715545654297,7.507268905639648,0.0,2162.695695417002
850000.0,12.076923370361328,10.0,1.0,0.8846153616905212,9.527854200053198e-12,9.527854200053198e-12,2.528968007231569e-11,0.0,9.372616460723293e-08,2.1796822547912598,aer,5.955071813446011e-08,3.552438343490394e-09,4.873832448737403e-09,5.067171571226936e-09,2.5905100287104688e-09,2.6208941683592e-09,3.039324569797941e-09,5.351897591765464e-09,4.4035020074773e-09,2.6758679716465394e-09,0.0,142.2509002685547,45.10363006591797,87.37922668457031,94.10238647460938,3.248284101486206,4.682452201843262,31.85350227355957,88.712158203125,73.46272277832031,7.451931953430176,0.0,2122.9842747920193
850000.0,12.076923370361328,10.0,1.0,0.9230769276618958,1.0210212883499103e-11,1.0210212883499103e-11,2.7676803557308283e-11,0.0,1.019125193124637e-07,2.1766722202301025,aer,6.47624389671364e-08,3.867437481375191e-09,5.306319827980133e-09,5.520128354419285e-09,2.8202098434348954e-09,2.852619696014358e-09,3.3208984451249535e-09,5.774806854930148e-09,4.775126960510079e-09,2.9125390987871924e-09,0.0,141.49127197265625,45.09113311767578,87.35501098632812,94.15940856933594,3.223402500152588,4.646584987640381,32.46527862548828,87.96219635009766,72.97242736816406,7.398166656494141,0.0,2088.700465291273
850000.0,12.076923370361328,10.0,1.0,0.9615384340286255,1.090550219573494e-11,1.090550219573494e-11,3.0176930398972956e-11,0.0,1.1042077119327587e-07,2.1734957695007324,aer,7.017359138217216e-08,4.196207381568229e-09,5.757084142743452e-09,5.992385254671717e-09,3.059485109702109e-09,3.0942677309298006e-09,3.615483024077548e-09,6.2118648003206545e-09,5.161152838439875e-09,3.159249084561111e-09,0.0,140.55609130859375,45.07844924926758,87.3304443359375,94.21204376220703,3.1987383365631104,4.6110310554504395,33.05506896972656,87.19637298583984,72.48583221435547,7.344842433929443,0.0,2046.105550791137
850000.0,12.076923370361328,10.0,1.0,1.0,1.1613670095056428e-11,1.1613670095056428e-11,3.2789774367936175e-11,0.0,1.1924920784167625e-07,2.170185089111328,aer,7.57816920327059e-08,4.538518005858805e-09,6.225944204629741e-09,6.484421888330871e-09,3.3084912587355575e-09,3.34599525864121e-09,3.923058322641282e-09,6.66343957789195e-09,5.561647142826587e-09,3.415992377853172e-09,0.0,139.38040161132812,45.06565856933594,87.30565643310547,94.26033782958984,3.173766851425171,4.5750346183776855,33.619571685791016,86.39545440673828,71.99208068847656,7.290799140930176,0.0,2012.9942054580897
850000.0,13.923076629638672,10.0,1.0,0.5,3.662638768664461e-12,3.662638768664461e-12,7.534294368949368e-12,0.0,3.0397107053659056e-08,2.2127559185028076,aer,1.919210212975031e-08,1.135935012719358e-09,1.5596371971682288e-09,1.6027853488864707e-09,8.30265578510847e-10,8.41479996793737e-10,9.26129173350887e-10,1.9596144706923724e-09,1.4885292998201294e-09,8.606264034760613e-10,0.0,146.73634338378906,45.21894454956055,87.60261535644531,93.02778625488281,3.6111481189727783,5.205527305603027,23.63260841369629,100.09703826904297,80.60501861572266,8.235672950744629,0.0,2754.2986294580624
850000.0,13.923076629638672,10.0,1.0,0.5384615659713745,4.157486421102474e-12,4.157486421102474e-12,8.82117816292105e-12,0.0,3.521687830243536e-08,2.2104597091674805,aer,2.2270091548648452e-08,1.317043363258108e-09,1.8083819997016803e-09,1.862100473815076e-09,9.624452346201906e-10,9.754579366472171e-10,1.0808051120747564e-09,2.2290722601070456e-09,1.7142663955027615e-09,9.972145331715865e-10,0.0,146.61448669433594,45.20839309692383,87.58218383789062,93.21044921875,3.5612428188323975,5.133586883544922,24.706928253173828,98.35556030273438,79.6252212524414,8.128000259399414,0.0,2645.3272442915477
850000.0,13.923076629638672,10.0,1.0,0.5769230723381042,4.6749817558811024e-12,4.6749817558811024e-12,1.021541445184182e-11,0.0,4.038361822722436e-08,2.2080588340759277,aer,2.5570834338850545e-08,1.5118902796373845e-09,2.0755368534963736e-09,2.140758015301003e-09,1.1043823633372085e-09,1.1191297888402119e-09,1.2479429711831358e-09,2.514592090108181e-09,1.954769679457513e-09,1.1437777391876125e-09,0.0,146.4755096435547,45.19770050048828,87.56146240234375,93.367431640625,3.516435384750366,5.068996429443359,25.709880828857422,96.87040710449219,78.74446868896484,8.031278610229492,0.0,2571.3901382922195
850000.0,13.923076629638672,10.0,1.0,0.6153846383094788,5.2158923881384656e-12,5.2158923881384656e-12,1.1716440317943722e-11,0.0,4.589750446370999e-08,2.2056522369384766,aer,2.9094374909277576e-08,1.7199655033550698e-09,2.3610722266198536e-09,2.4388535635466724e-09,1.2560539275341398e-09,1.2726084630543255e-09,1.4274467163843951e-09,2.8166342591617877e-09,2.2101664942653088e-09,1.3003261800648147e-09,0.0,146.32176208496094,45.18687438964844,87.54049682617188,93.50119018554688,3.4763262271881104,5.011178493499756,26.632349014282227,95.59436798095703,77.95523071289062,7.944657325744629,0.0,2488.1352597908117
850000.0,13.923076629638672,10.0,1.0,0.6538461446762085,5.776988696443164e-12,5.776988696443164e-12,1.3326212529307657e-11,0.0,5.1757773178451316e-08,2.2032594680786133,aer,3.28407878669168e-08,1.9416501739755176e-09,2.6649120687949335e-09,2.756173289597541e-09,1.4174652562815027e-09,1.4358679800707819e-09,1.6195648155914455e-09,3.1342564099645642e-09,2.480323502140891e-09,1.4667699277381985e-09,0.0,146.1519317626953,45.1757926940918,87.5190200805664,93.61927032470703,3.4396324157714844,4.958284378051758,27.503639221191406,94.46778869628906,77.233154296875,7.865411758422852,0.0,2424.649667208083
850000.0,13.923076629638672,10.0,1.0,0.692307710647583,6.357659190769915e-12,6.357659190769915e-12,1.5047064289008816e-11,0.0,5.796347224418241e-08,2.200885057449341,aer,3.6809122860859134e-08,2.176614222193507e-09,2.9873425955173616e-09,3.0929436789506326e-09,1.5885679438554234e-09,1.60896285184009e-09,1.8243802024642264e-09,3.4672755777620523e-09,2.764973583424535e-09,1.6432935012744565e-09,0.0,145.96603393554688,45.16437530517578,87.49690246582031,93.72457885742188,3.405911445617676,4.909674167633057,28.332759857177734,93.46795654296875,76.5699234008789,7.792603015899658,0.0,2364.374558582902
850000.0,13.923076629638672,10.0,1.0,0.7307692170143127,6.958232601217418e-12,6.958232601217418e-12,1.687736408961804e-11,0.0,6.451309531030347e-08,2.1985111236572266,aer,4.099787531686161e-08,2.4247404084576374e-09,3.3280149747128007e-09,3.449052821125065e-09,1.7694414822244653e-09,1.7918423411700246e-09,2.0417900703506575e-09,3.815908478088659e-09,3.0644482507113935e-09,1.8299818327349726e-09,0.0,145.76528930664062,45.15318298339844,87.4752197265625,93.81737518310547,3.375016450881958,4.865139007568359,29.108261108398438,92.56976318359375,75.9623794555664,7.725903034210205,0.0,2305.153027166147
850000.0,13.923076629638672,10.0,1.0,0.7692307829856873,7.57623044161937e-12,7.57623044161937e-12,1.881906262768407e-11,0.0,7.140755542422994e-08,2.1962008476257324,aer,4.540824605214766e-08,2.686584954503246e-09,3.686852156903342e-09,3.824517147421602e-09,1.9601262835067246e-09,1.9843862109070187e-09,2.271955068522402e-09,4.179886659017029e-09,3.378548329990849e-09,2.026451895176251e-09,0.0,145.5445556640625,45.14179229736328,87.45315551757812,93.90087890625,3.3467776775360107,4.824431896209717,29.845111846923828,91.7556381225586,75.40740203857422,7.664955139160156,0.0,2263.0601475411095
850000.0,13.923076629638672,10.0,1.0,0.807692289352417,8.211338727026618e-12,8.211338727026618e-12,2.0874106262946945e-11,0.0,7.86462877044869e-08,2.1939542293548584,aer,5.0039588472827745e-08,2.9614981578163224e-09,4.064279135462812e-09,4.219422145013141e-09,2.1604376065909037e-09,2.1867694321997533e-09,2.5149518023681594e-09,4.559070010401456e-09,3.70716146669281e-09,2.233107920801558e-09,0.0,145.30010986328125,45.13005828857422,87.43042755126953,93.97673034667969,3.320531129837036,4.786597728729248,30.55105209350586,91.01465606689453,74.89192962646484,7.60832405090332,0.0,2208.7073942921124
850000.0,13.923076629638672,10.0,1.0,0.8461538553237915,8.863454241392343e-12,8.863454241392343e-12,2.304111068607284e-11,0.0,8.622716052286705e-08,2.191728353500366,aer,5.488875132186877e-08,3.250363977969073e-09,4.4599595128147485e-09,4.633644579143947e-09,2.370610818758223e-09,2.3990276432073188e-09,2.7707172112201306e-09,4.9539363722317376e-09,4.050503044084053e-09,2.4496378259186713e-09,0.0,145.0308074951172,45.118141174316406,87.40733337402344,94.04517364501953,3.296426296234131,4.751850128173828,31.220111846923828,90.339599609375,74.41891479492188,7.556333065032959,0.0,2162.695695417002
850000.0,13.923076629638672,10.0,1.0,0.8846153616905212,9.531121551720201e-12,9.531121551720201e-12,2.532169959823527e-11,0.0,9.415028756620814e-08,2.1895456314086914,aer,5.995684659865219e-08,3.5524569952372076e-09,4.873883074907326e-09,5.067240849143673e-09,2.590692993464927e-09,2.6210529302517216e-09,3.0393638716930127e-09,5.363768984523176e-09,4.408554854506974e-09,2.6764284122293702e-09,0.0,144.73001098632812,45.10635757446289,87.38451385498047,94.10759735107422,3.2737643718719482,4.71918249130249,31.859172821044922,89.70821380615234,73.97450256347656,7.507469654083252,0.0,2122.9842747920193
850000.0,13.923076629638672,10.0,1.0,0.9230769276618958,1.0214322443413693e-11,1.0214322443413693e-11,2.7716254638598947e-11,0.0,1.024145035444235e-07,2.1873936653137207,aer,6.52432063930064e-08,3.867460574014103e-09,5.306382000469512e-09,5.520203405495749e-09,2.8203579471863804e-09,2.8529236750785003e-09,3.3209455185811976e-09,5.7888409621398296e-09,4.7810901904199454e-09,2.913085106470703e-09,0.0,144.39146423339844,45.094417572021484,87.36137390136719,94.16470336914062,3.252480983734131,4.688502311706543,32.47172546386719,89.11259460449219,73.55730438232422,7.461586952209473,0.0,2088.700465291273
850000.0,13.923076629638672,10.0,1.0,0.9615384340286255,1.0910580598710862e-11,1.0910580598710862e-11,3.0226102870622995e-11,0.0,1.1101622021669755e-07,2.1852164268493652,aer,7.074363139736306e-08,4.1962349150992395e-09,5.757155197017028e-09,5.9924669670863295e-09,3.059678288508394e-09,3.0947946427772877e-09,3.6155392013625942e-09,6.228475957215096e-09,5.1682218504822686e-09,3.160012918002053e-09,0.0,144.00399780273438,45.08207702636719,87.33746337890625,94.21743774414062,3.2322094440460205,4.659280300140381,33.062347412109375,88.54012298583984,73.15996551513672,7.417885780334473,0.0,2046.105550791137
850000.0,13.923076629638672,10.0,1.0,1.0,1.1620087704555804e-11,1.1620087704555804e-11,3.285122521234918e-11,0.0,1.1995655313512543e-07,2.183058023452759,aer,7.645898136843243e-08,4.5385513125495436e-09,6.226031690204081e-09,6.484512482529681e-09,3.3088196627062416e-09,3.3468230409283706e-09,3.923126268290389e-09,6.683096298587543e-09,5.569936956106858e-09,3.416676497280946e-09,0.0,143.558837890625,45.06979751586914,87.31366729736328,94.2658462524414,3.2127838134765625,4.631277084350586,33.627845764160156,87.98603820800781,72.77902221679688,7.376000881195068,0.0,2012.9942054580897
850000.0,15.769230842590332,10.0,1.0,0.5,3.662823950395522e-12,3.662823950395522e-12,7.536133175833903e-12,0.0,3.042153906562817e-08,2.2145345211029053,aer,1.921565129237024e-08,1.1359355678308702e-09,1.5596387514804633e-09,1.6027896787562668e-09,8.302677989568963e-10,8.414895447117487e-10,9.261304501073653e-10,1.9602182099731635e-09,1.488774770130874e-09,8.606397816635081e-10,0.0,147.230224609375,45.219276428222656,87.60326385498047,93.02946472167969,3.6157426834106445,5.212149143218994,23.633399963378906,100.26156616210938,80.69517517089844,8.245583534240723,0.0,2754.2986294580624
850000.0,15.769230842590332,10.0,1.0,0.5384615659713745,4.157735353921277e-12,4.157735353921277e-12,8.823707389749025e-12,0.0,3.525268255089031e-08,2.212707042694092,aer,2.2304551094975977e-08,1.3170442514365277e-09,1.8083846642369394e-09,1.8621072461755261e-09,9.624505636907088e-10,9.754731467026545e-10,1.080807443543108e-09,2.2299906365930156e-09,1.7146406516843626e-09,9.972322967399805e-10,0.0,147.1664276123047,45.20875930786133,87.58289337158203,93.21246337890625,3.5666749477386475,5.141417503356934,24.707904815673828,98.5505599975586,79.73219299316406,8.139735221862793,0.0,2645.3272442915477
850000.0,15.769230842590332,10.0,1.0,0.5769230723381042,4.675313955426752e-12,4.675313955426752e-12,1.0218796295258237e-11,0.0,4.043340595671907e-08,2.2107810974121094,aer,2.561868761574715e-08,1.5118917229273166e-09,2.0755399621208426e-09,2.1407682293528296e-09,1.104389912853776e-09,1.1191596538395743e-09,1.2479461908299072e-09,2.5158926053592268e-09,1.9553074714906415e-09,1.1438231473093197e-09,0.0,147.08448791503906,45.19818878173828,87.56240844726562,93.36973571777344,3.522688627243042,5.0780110359191895,25.711061477661133,97.09652709960938,78.86797332763672,8.044805526733398,0.0,2571.3901382922195
850000.0,15.769230842590332,10.0,1.0,0.6153846383094788,5.216324334283984e-12,5.216324334283984e-12,1.1720791004421471e-11,0.0,4.596365243969558e-08,2.2088310718536377,aer,2.9157904535281887e-08,1.7199675017565141e-09,2.361077555690372e-09,2.4388679964459925e-09,1.2560680273665525e-09,1.272664751361674e-09,1.4274513793210986e-09,2.8183919642543742e-09,2.210894578524858e-09,1.300365370937584e-09,0.0,146.98992919921875,45.18746566772461,87.54164123535156,93.50375366210938,3.4834225177764893,5.021407604217529,26.633756637573242,95.85205078125,78.09573364257812,7.960025310516357,0.0,2488.1352597908117
850000.0,15.769230842590332,10.0,1.0,0.6538461446762085,5.7775390374659175e-12,5.7775390374659175e-12,1.3331737623578643e-11,0.0,5.1842274473301586e-08,2.2068564891815186,aer,3.2921867898494384e-08,1.9416530605553817e-09,2.6649200624007108e-09,2.756191497255145e-09,1.4174841300729213e-09,1.435929708470951e-09,1.6195713659072908e-09,3.13653525374491e-09,2.4812720766931307e-09,1.4668501968628789e-09,0.0,146.88282775878906,45.1765251159668,87.52043151855469,93.62200164794922,3.447568416595459,4.969723701477051,27.505285263061523,94.7580795288086,77.39067840576172,7.8826165199279785,0.0,2424.649667208083
850000.0,15.769230842590332,10.0,1.0,0.692307710647583,6.358354381202913e-12,6.358354381202913e-12,1.5053919916185876e-11,0.0,5.8068813757472526e-08,2.2048850059509277,aer,3.69101655905979e-08,2.176617552862581e-09,2.987353031613793e-09,3.0929652172773103e-09,1.5885883719590765e-09,1.6090053733819332e-09,1.8243886401592135e-09,3.4701514994850413e-09,2.766181061986117e-09,1.6433983063279811e-09,0.0,146.7635040283203,45.165283203125,87.49866485595703,93.72742462158203,3.414703130722046,4.9223480224609375,28.334644317626953,93.7916259765625,76.74478912353516,7.811682224273682,0.0,2364.374558582902
850000.0,15.769230842590332,10.0,1.0,0.7307692170143127,6.959065268485887e-12,6.959065268485887e-12,1.6885741069283533e-11,0.0,6.464158275321097e-08,2.2028896808624268,aer,4.112106566367402e-08,2.424744405260526e-09,3.3280271871660716e-09,3.4490799105668657e-09,1.7694758991382287e-09,1.7918884154255466e-09,2.041800284402484e-09,3.819471405819286e-09,3.065937059787416e-09,1.8300919668590154e-09,0.0,146.6354217529297,45.15412139892578,87.47704315185547,93.8203353881836,3.3847007751464844,4.879098892211914,29.110374450683594,92.92862701416016,76.15541076660156,7.746938705444336,0.0,2305.153027166147
850000.0,15.769230842590332,10.0,1.0,0.7692307829856873,7.577257397917148e-12,7.577257397917148e-12,1.8829226372529817e-11,0.0,7.156219794524077e-08,2.2009570598602295,aer,4.555648303039561e-08,2.6865902835737643e-09,3.686869254337921e-09,3.8245460132202425e-09,1.960166917669426e-09,1.9844554888237553e-09,2.2719686132433026e-09,4.18417789305181e-09,3.380363988725321e-09,2.0265720213075156e-09,0.0,146.49758911132812,45.142906188964844,87.45530700683594,93.9039077758789,3.357422113418579,4.839776515960693,29.847501754760742,92.15412139892578,75.61994171142578,7.688093662261963,0.0,2263.0601475411095
850000.0,15.769230842590332,10.0,1.0,0.807692289352417,8.212603340440605e-12,8.212603340440605e-12,2.088643147324376e-11,0.0,7.88304461707412e-08,2.199091672897339,aer,5.021603399768537e-08,2.961505929377495e-09,4.064300895834094e-09,4.219458116239139e-09,2.1604944500097645e-09,2.1868546973280445e-09,2.5149684557135288e-09,4.564216560254408e-09,3.7093388360887047e-09,2.2332817817272144e-09,0.0,146.34849548339844,45.131385803222656,87.43299865722656,93.97980499267578,3.332226514816284,4.803456783294678,30.553747177124023,91.45562744140625,75.12581634521484,7.633764743804932,0.0,2208.7073942921124
850000.0,15.769230842590332,10.0,1.0,0.8461538553237915,8.864993808477273e-12,8.864993808477273e-12,2.3055906142599447e-11,0.0,8.644404658753047e-08,2.1972413063049316,aer,5.509651401780502e-08,3.250373081797875e-09,4.4599861581673395e-09,4.633683214905204e-09,2.370699636600193e-09,2.3990995856593145e-09,2.770737195234574e-09,4.960033272993769e-09,4.053094304623528e-09,2.4498243433868083e-09,0.0,146.1884307861328,45.11967468261719,87.4103012084961,94.04828643798828,3.309274196624756,4.770370006561279,31.223119735717773,90.82798767089844,74.67620849609375,7.584299087524414,0.0,2162.695695417002
850000.0,15.769230842590332,10.0,1.0,0.8846153616905212,9.532930000943907e-12,9.532930000943907e-12,2.5339515208333552e-11,0.0,9.440466186561025e-08,2.1954612731933594,aer,6.020038512133397e-08,3.552468097467454e-09,4.873912384795176e-09,5.067284369886238e-09,2.590776038147169e-09,2.6211690595800974e-09,3.0393878525103446e-09,5.370965894258006e-09,4.4116017505757554e-09,2.6767119631898595e-09,0.0,146.01463317871094,45.10794448852539,87.38758087158203,94.11076354980469,3.2878963947296143,4.739553451538086,31.862442016601562,90.24983215332031,74.25788879394531,7.538248538970947,0.0,2122.9842747920193
850000.0,15.769230842590332,10.0,1.0,0.9230769276618958,1.0216529879036873e-11,1.0216529879036873e-11,2.77376177582056e-11,0.0,1.027110769769024e-07,2.193727970123291,aer,6.55270611105152e-08,3.867473896690399e-09,5.3064210803199785e-09,5.520248702595154e-09,2.8204587554370164e-09,2.8531279561150313e-09,3.3209746064244428e-09,5.797210711477874e-09,4.784647789080054e-09,2.9134517021134343e-09,0.0,145.8252410888672,45.09627151489258,87.3649673461914,94.16790008544922,3.2680697441101074,4.710973262786865,32.475379943847656,89.71576690673828,73.87026977539062,7.495558738708496,0.0,2088.700465291273
850000.0,15.769230842590332,10.0,1.0,0.9615384340286255,1.0913272889545578e-11,1.0913272889545578e-11,3.0251620652954614e-11,0.0,1.1136037159076295e-07,2.191990613937378,aer,7.107296795538787e-08,4.196252234578424e-09,5.757201826384062e-09,5.992515372810203e-09,3.0598128475389785e-09,3.095122158569552e-09,3.6155736182763576e-09,6.2381926291266154e-09,5.172351880133874e-09,3.1603699657267725e-09,0.0,145.6163330078125,45.084266662597656,87.34170532226562,94.22065734863281,3.249472141265869,4.684165000915527,33.06644058227539,89.21441650390625,73.50692749023438,7.455524444580078,0.0,2046.105550791137
850000.0,15.769230842590332,10.0,1.0,1.0,1.1623264850602055e-11,1.1623264850602055e-11,3.288175981497332e-11,0.0,1.203560628937339e-07,2.190328598022461,aer,7.684123914941665e-08,4.538571296563987e-09,6.226084980909263e-09,6.484567105502492e-09,3.3090425954895863e-09,3.347185639768213e-09,3.923166236319275e-09,6.694380161320623e-09,5.574744221803485e-09,3.4170812845957244e-09,0.0,145.3863067626953,45.07205581665039,87.31805419921875,94.26910400390625,3.2319624423980713,4.658923625946045,33.63231658935547,88.74290466308594,73.16492462158203,7.417837619781494,0.0,2012.9942054580897
850000.0,17.615385055541992,10.0,1.0,0.5,3.662938875825805e-12,3.662938875825805e-12,7.537250337752432e-12,0.0,3.04340517232049e-08,2.2154455184936523,aer,1.9227728742521322e-08,1.1359359008977776e-09,1.5596397506811854e-09,1.6027910110238963e-09,8.302685761130135e-10,8.414947072488133e-10,9.261311162411801e-10,1.960521966992701e-09,1.4888968946635828e-09,8.606459434012947e-10,0.0,147.55587768554688,45.219478607177734,87.6036605834961,93.03026580810547,3.6185874938964844,5.216249942779541,23.633882522583008,100.36522674560547,80.75103759765625,8.251721382141113,0.0,2754.2986294580624
850000.0,17.615385055541992,10.0,1.0,0.5384615659713745,4.157892346395853e-12,4.157892346395853e-12,8.825289457559116e-12,0.0,3.5272222476123716e-08,2.2139337062835693,aer,2.2323366266618905e-08,1.31704480654804e-09,1.8083856634376616e-09,1.8621101327553902e-09,9.624533392482704e-10,9.754812513307343e-10,1.0808084427438303e-09,2.2304851299281836e-09,1.714840935918005e-09,9.972418446579923e-10,0.0,147.5341339111328,45.208988189697266,87.58334350585938,93.21350860595703,3.5701239109039307,5.146389007568359,24.70850944519043,98.67613220214844,79.80014038085938,8.147188186645508,0.0,2645.3272442915477
850000.0,17.615385055541992,10.0,1.0,0.5769230723381042,4.675524724329083e-12,4.675524724329083e-12,1.0220945617644972e-11,0.0,4.046195201112823e-08,2.2123420238494873,aer,2.564614298705692e-08,1.5118923890611313e-09,2.0755424046114967e-09,2.140772670244928e-09,1.1043941317012695e-09,1.1191776394525732e-09,1.2479479671867466e-09,2.5166302375367877e-09,1.955608786019525e-09,1.1438466840374417e-09,0.0,147.49290466308594,45.1984748840332,87.5629653930664,93.3709945678711,3.526719570159912,5.0838212966918945,25.711820602416992,97.24376678466797,78.9476089477539,8.053525924682617,0.0,2571.3901382922195
850000.0,17.615385055541992,10.0,1.0,0.6153846383094788,5.216609262614913e-12,5.216609262614913e-12,1.1723602123814292e-11,0.0,4.6002998743688295e-08,2.210721731185913,aer,2.91957178433222e-08,1.7199687230018412e-09,2.3610808863594457e-09,2.438874879828745e-09,1.2560761319946323e-09,1.2726965037401783e-09,1.4274540438563577e-09,2.8194220291766214e-09,2.2113200159878943e-09,1.3003892407326134e-09,0.0,147.4385223388672,45.18788528442383,87.54244995117188,93.50519561767578,3.488053560256958,5.028083801269531,26.63467788696289,96.0218505859375,78.1874771118164,7.970056056976318,0.0,2488.1352597908117
850000.0,17.615385055541992,10.0,1.0,0.6538461446762085,5.777897691544576e-12,5.777897691544576e-12,1.3335317225471321e-11,0.0,5.1893664476665435e-08,2.2090442180633545,aer,3.297119732792453e-08,1.941654836912221e-09,2.664924725337414e-09,2.756200379039342e-09,1.4174945661693528e-09,1.4359692324106277e-09,1.6195751406655745e-09,3.137915260964519e-09,2.4818467281306766e-09,1.4668859460442718e-09,0.0,147.37171936035156,45.1769905090332,87.52134704589844,93.62361145019531,3.4527735710144043,4.977227210998535,27.5063533782959,94.9494400024414,77.49398803710938,7.89390230178833,0.0,2424.649667208083
850000.0,17.615385055541992,10.0,1.0,0.692307710647583,6.358806710349274e-12,6.358806710349274e-12,1.5058404176371276e-11,0.0,5.81345780403808e-08,2.2073819637298584,aer,3.697327244367443e-08,2.17661977330863e-09,2.9873601370411507e-09,3.092977873819791e-09,1.5885996962339277e-09,1.6090313526007094e-09,1.8243938582074293e-09,3.471938292420873e-09,2.7669286861708997e-09,1.6434584804159158e-09,0.0,147.2945556640625,45.16585159301758,87.49976348876953,93.72916412353516,3.4204952716827393,4.930696964263916,28.335887908935547,94.00566101074219,76.8599853515625,7.8242506980896,0.0,2364.374558582902
850000.0,17.615385055541992,10.0,1.0,0.7307692170143127,6.959614742146902e-12,6.959614742146902e-12,1.6891236673255428e-11,0.0,6.472342306551582e-08,2.205678701400757,aer,4.119956997783447e-08,2.424747069795785e-09,3.328034958727244e-09,3.4490947875553957e-09,1.7694995468886532e-09,1.7919181694026065e-09,2.0418071677852367e-09,3.821712279972189e-09,3.0668763084662487e-09,1.83015980148582e-09,0.0,147.2095947265625,45.15475082397461,87.4782485961914,93.82217407226562,3.391087770462036,4.8883056640625,29.11176109313965,93.16556549072266,76.28263854980469,7.76080846786499,0.0,2305.153027166147
850000.0,17.615385055541992,10.0,1.0,0.7692307829856873,7.57792439909366e-12,7.57792439909366e-12,1.8835872098166284e-11,0.0,7.166174498252076e-08,2.2040188312530518,aer,4.565192668337659e-08,2.686593836287443e-09,3.686878580211328e-09,3.824564664967056e-09,1.960190454397548e-09,1.9845201038037885e-09,2.271976828893685e-09,4.186924584814733e-09,3.381519508849351e-09,2.026651069186869e-09,0.0,147.11647033691406,45.14362716674805,87.45670318603516,93.90583038330078,3.364393949508667,4.849826812744141,29.849058151245117,92.41423034667969,75.7590560913086,7.703245162963867,0.0,2263.0601475411095
850000.0,17.615385055541992,10.0,1.0,0.807692289352417,8.2134160583891e-12,8.2134160583891e-12,2.0894385180381114e-11,0.0,7.894950471154516e-08,2.2024130821228027,aer,5.033013295019373e-08,2.961511258448013e-09,4.064315550778019e-09,4.219477212075162e-09,2.1605299771465525e-09,2.186900660561264e-09,2.514979113854565e-09,4.567541012079346e-09,3.7107441563932753e-09,2.2333730420598386e-09,0.0,147.0162353515625,45.13222885131836,87.43463134765625,93.98179626464844,3.339812755584717,4.814392566680908,30.555511474609375,91.7400894165039,75.27742004394531,7.650262355804443,0.0,2208.7073942921124
850000.0,17.615385055541992,10.0,1.0,0.8461538553237915,8.865967855709034e-12,8.865967855709034e-12,2.3065440182823416e-11,0.0,8.658451378096288e-08,2.2008116245269775,aer,5.523104817939384e-08,3.2503792990468128e-09,4.460003477646524e-09,4.633707639811746e-09,2.3707555918406342e-09,2.3991471032047684e-09,2.7707502958662644e-09,4.9639741206419785e-09,4.054763635963354e-09,2.449991542974317e-09,0.0,146.91041564941406,45.120643615722656,87.41218566894531,94.0503158569336,3.317488431930542,4.782210826873779,31.225072860717773,91.1384506225586,74.84058380126953,7.602173328399658,0.0,2162.695695417002
850000.0,17.615385055541992,10.0,1.0,0.8846153616905212,9.53406711218241e-12,9.53406711218241e-12,2.5350754481734405e-11,0.0,9.456920935235757e-08,2.1992878913879395,aer,6.035791955127934e-08,3.5524756469840213e-09,4.873931924720409e-09,5.067311459328039e-09,2.5908311052091904e-09,2.621247663370241e-09,3.0394036176772943e-09,5.375616396463556e-09,4.413575283024329e-09,2.6768918193198488e-09,0.0,146.7975311279297,45.108951568603516,87.3895263671875,94.11279296875,3.296797752380371,4.75238561630249,31.864543914794922,90.58808898925781,74.43623352050781,7.557629585266113,0.0,2122.9842747920193
850000.0,17.615385055541992,10.0,1.0,0.9230769276618958,1.0217869952922065e-11,1.0217869952922065e-11,2.7750853698327305e-11,0.0,1.029021419185483e-07,2.1978087425231934,aer,6.5709897967281e-08,3.867483222563806e-09,5.3064446170481006e-09,5.520278456572214e-09,2.820516264989692e-09,2.8533106988248846e-09,3.3209930361266515e-09,5.802613944894119e-09,4.786952612079176e-09,2.913653984748521e-09,0.0,146.6768798828125,45.09737014770508,87.36709594726562,94.16996765136719,3.277728319168091,4.724896430969238,32.47767639160156,90.08541870117188,74.0639877319336,7.516595840454102,0.0,2088.700465291273
850000.0,17.615385055541992,10.0,1.0,0.9615384340286255,1.091486710042e-11,1.091486710042e-11,3.026714989751156e-11,0.0,1.115805190465835e-07,2.196324110031128,aer,7.128354440055773e-08,4.19626289271946e-09,5.757230248093492e-09,5.992547347233312e-09,3.059899889024109e-09,3.0953837271141538e-09,3.6155953786476402e-09,6.244443628844465e-09,5.1750195240174435e-09,3.160590456019463e-09,0.0,146.5466766357422,45.08552551269531,87.34414672851562,94.22273254394531,3.2599401473999023,4.699254512786865,33.068973541259766,89.6178970336914,73.71709442138672,7.47833776473999,0.0,2046.105550791137
850000.0,17.615385055541992,10.0,1.0,1.0,1.162519906727777e-11,1.162519906727777e-11,3.289994665589546e-11,0.0,1.206096698069814e-07,2.194943904876709,aer,7.708376159598629e-08,4.538583731061863e-09,6.226120952135261e-09,6.484601300371651e-09,3.3092319995375874e-09,3.3474236715846928e-09,3.9231924375826566e-09,6.70161659499513e-09,5.577835526793251e-09,3.4172911167473785e-09,0.0,146.4066619873047,45.073551177978516,87.32095336914062,94.27118682861328,3.2433574199676514,4.675350666046143,33.6351203918457,89.18487548828125,73.3939208984375,7.442681312561035,0.0,2012.9942054580897
850000.0,19.461538314819336,10.0,1.0,0.5,3.663009565807451e-12,3.663009565807451e-12,7.537926879908063e-12,0.0,3.044010910002726e-08,2.215886354446411,aer,1.9233576509236627e-08,1.1359359008977776e-09,1.5596400837480928e-09,1.6027913440908037e-09,8.302689646910721e-10,8.414973717840724e-10,9.261313937969362e-10,1.960664519629063e-09,1.4889534050155362e-09,8.606486079365538e-10,0.0,147.77145385742188,45.2196044921875,87.60389709472656,93.03062438964844,3.620335817337036,5.218770503997803,23.634170532226562,100.43017578125,80.78538513183594,8.255495071411133,0.0,2754.2986294580624
850000.0,19.461538314819336,10.0,1.0,0.5384615659713745,4.1579946950809354e-12,4.1579946950809354e-12,8.826289525643016e-12,0.0,3.5282713639617214e-08,2.214592218399048,aer,2.2333486171532968e-08,1.3170452506372499e-09,1.8083866626383838e-09,1.8621111319561123e-09,9.624547825382024e-10,9.754856922228328e-10,1.0808088868330401e-09,2.2307431457591065e-09,1.7149447417708075e-09,9.972471737285105e-10,0.0,147.78466796875,45.20914840698242,87.58364868164062,93.21402740478516,3.5723273754119873,5.149565696716309,24.708904266357422,98.75788116455078,79.84358215332031,8.15195083618164,0.0,2645.3272442915477
850000.0,19.461538314819336,10.0,1.0,0.5769230723381042,4.675662201164554e-12,4.675662201164554e-12,1.0222347274213561e-11,0.0,4.04782127816361e-08,2.213231086730957,aer,2.5661792690812035e-08,1.5118926111057363e-09,2.0755432927899164e-09,2.1407751127355823e-09,1.1043964631696213e-09,1.1191879645267022e-09,1.2479489663874688e-09,2.5170396877882695e-09,1.9557753194732186e-09,1.1438612279590643e-09,0.0,147.7758026123047,45.19865417480469,87.56332397460938,93.3716812133789,3.52937650680542,5.08765172958374,25.712299346923828,97.34243774414062,79.0001449584961,8.059276580810547,0.0,2571.3901382922195
850000.0,19.461538314819336,10.0,1.0,0.6153846383094788,5.2167953117077115e-12,5.2167953117077115e-12,1.1725456543210111e-11,0.0,4.602623704386133e-08,2.211838483810425,aer,2.9218059083291337e-08,1.7199692781133535e-09,2.361082662716285e-09,2.438878210497819e-09,1.2560805728867308e-09,1.2727181530891585e-09,1.4274554871462897e-09,2.8200228818775486e-09,2.2115673736777808e-09,1.300402563408909e-09,0.0,147.75054931640625,45.18813705444336,87.54293823242188,93.50602722167969,3.4911413192749023,5.032535076141357,26.635278701782227,96.13661193847656,78.24866485595703,7.976746082305908,0.0,2488.1352597908117
850000.0,19.461538314819336,10.0,1.0,0.6538461446762085,5.7781414201929504e-12,5.7781414201929504e-12,1.3337712878591645e-11,0.0,5.192517349428272e-08,2.21038556098938,aer,3.300146289575423e-08,1.9416557250906408e-09,2.6649273898726733e-09,2.7562052640206502e-09,1.4175007834182907e-09,1.435993768339472e-09,1.6195774721339262e-09,3.1387479282329878e-09,2.48219178544673e-09,1.4669067072148323e-09,0.0,147.71371459960938,45.177310943603516,87.52197265625,93.62455749511719,3.456289768218994,4.982295513153076,27.50706672668457,95.0802001953125,77.56381225585938,7.901527404785156,0.0,2424.649667208083
850000.0,19.461538314819336,10.0,1.0,0.692307710647583,6.359115924808867e-12,6.359115924808867e-12,1.5061445146624663e-11,0.0,5.8176119921427016e-08,2.2089593410491943,aer,3.7013155207432646e-08,2.1766211055762597e-09,2.9873634677102245e-09,3.092984313113334e-09,1.5886066906389829e-09,1.6090477839014738e-09,1.8243970778542007e-09,3.473051624069967e-09,2.7673916491721684e-09,1.643499336623222e-09,0.0,147.6658935546875,45.1662483215332,87.50054168701172,93.730224609375,3.4244492053985596,4.936397075653076,28.336727142333984,94.15293884277344,76.93863677978516,7.832831382751465,0.0,2364.374558582902
850000.0,19.461538314819336,10.0,1.0,0.7307692170143127,6.959985539289892e-12,6.959985539289892e-12,1.689497326762268e-11,0.0,6.477593217368849e-08,2.207468271255493,aer,4.124995456322722e-08,2.4247486241080196e-09,3.328040287797762e-09,3.449102781161173e-09,1.769513424676461e-09,1.791937487283235e-09,2.0418109425435205e-09,3.823143579495536e-09,3.0674744966319167e-09,1.8301988813362868e-09,0.0,147.6097869873047,45.15513610839844,87.47900390625,93.82332611083984,3.395462989807129,4.894612789154053,29.112695693969727,93.32876586914062,76.36981201171875,7.770309925079346,0.0,2305.153027166147
850000.0,19.461538314819336,10.0,1.0,0.7692307829856873,7.578373692473939e-12,7.578373692473939e-12,1.8840425747290723e-11,0.0,7.172686622425317e-08,2.206021547317505,aer,4.5714397600704615e-08,2.6865960567334923e-09,3.6868854635940806e-09,3.824573990840463e-09,1.960204887296868e-09,1.9845469712009844e-09,2.271982380008808e-09,4.18870982343833e-09,3.3822700196139976e-09,2.026703915802841e-09,0.0,147.5471649169922,45.14406967163086,87.45755767822266,93.90704345703125,3.3691978454589844,4.856750965118408,29.850120544433594,92.59410095214844,75.85490417480469,7.713683605194092,0.0,2263.0601475411095
850000.0,19.461538314819336,10.0,1.0,0.807692289352417,8.213972037263151e-12,8.213972037263151e-12,2.089984088571306e-11,0.0,7.902867338316355e-08,2.2046215534210205,aer,5.040605088879602e-08,2.961514589117087e-09,4.0643239884730065e-09,4.219490090662248e-09,2.1605539579638844e-09,2.1869310806721387e-09,2.514985997237318e-09,4.569737477311264e-09,3.7116696383066028e-09,2.233421669828317e-09,0.0,147.4778289794922,45.13279342651367,87.43571472167969,93.98307037353516,3.3450450897216797,4.821934700012207,30.55670738220215,91.93638610839844,75.38194274902344,7.66163969039917,0.0,2208.7073942921124
850000.0,19.461538314819336,10.0,1.0,0.8461538553237915,8.866627917991643e-12,8.866627917991643e-12,2.3071961008369613e-11,0.0,8.667841910892093e-08,2.2031984329223633,aer,5.5320974468031636e-08,3.2503830738050965e-09,4.4600154680551896e-09,4.633720518398832e-09,2.37078334741625e-09,2.3991846287430008e-09,2.7707591776504614e-09,4.966609790102439e-09,4.055880076236917e-09,2.4501114470609764e-09,0.0,147.4031524658203,45.12127685546875,87.41341400146484,94.05162811279297,3.3231241703033447,4.790335178375244,31.226402282714844,91.35077667236328,74.95330810546875,7.614434242248535,0.0,2162.695695417002
850000.0,19.461538314819336,10.0,1.0,0.8846153616905212,9.534831257873577e-12,9.534831257873577e-12,2.535839246919913e-11,0.0,9.468002559742672e-08,2.2018649578094482,aer,6.046403200343775e-08,3.552479865831515e-09,4.873943915129075e-09,5.067327002450384e-09,2.590868186658213e-09,2.621303174521472e-09,3.039413609684516e-09,5.378741008144061e-09,4.4149039979402005e-09,2.6770163863432117e-09,0.0,147.32400512695312,45.109615325927734,87.39081573486328,94.11416625976562,3.3028626441955566,4.761127471923828,31.86597442626953,90.81781005859375,74.55767822265625,7.57082986831665,0.0,2122.9842747920193
850000.0,19.461538314819336,10.0,1.0,0.9230769276618958,1.0218780682746953e-11,1.0218780682746953e-11,2.7759773646440777e-11,0.0,1.0303097042196896e-07,2.2005603313446045,aer,6.583319134279009e-08,3.867488995723534e-09,5.306460604259655e-09,5.520294443783769e-09,2.820554456661739e-09,2.8534001828006694e-09,3.3210054706245273e-09,5.806269243180395e-09,4.788506036135232e-09,2.9137976476079075e-09,0.0,147.24050903320312,45.09815216064453,87.36861419677734,94.17134857177734,3.2842354774475098,4.73427677154541,32.4792594909668,90.33311462402344,74.1944351196289,7.530767440795898,0.0,2088.700465291273
850000.0,19.461538314819336,10.0,1.0,0.9615384340286255,1.0915941761613368e-11,1.0915941761613368e-11,3.027754089113266e-11,0.0,1.117296690722469e-07,2.1992597579956055,aer,7.142622138189836e-08,4.1962704422360275e-09,5.757248899840306e-09,5.9925677753369655e-09,3.059962727647303e-09,3.0955054075576527e-09,3.6156102556361702e-09,6.248697559385619e-09,5.1768260789231135e-09,3.160756545383947e-09,0.0,147.15164184570312,45.08640670776367,87.34586334228516,94.22413635253906,3.266935348510742,4.709338188171387,33.07069396972656,89.88523864746094,73.8574447631836,7.493576526641846,0.0,2046.105550791137
850000.0,19.461538314819336,10.0,1.0,1.0,1.1626452404989163e-11,1.1626452404989163e-11,3.291194400345532e-11,0.0,1.2078081113031658e-07,2.1980583667755127,aer,7.724742800974127e-08,4.53859261284606e-09,6.226144044774173e-09,6.484622172564514e-09,3.3093618956314685e-09,3.347591759350621e-09,3.9232102011510506e-09,6.7064935826977035e-09,5.5799285192392745e-09,3.41743455756216e-09,0.0,147.05755615234375,45.07451248168945,87.32281494140625,94.27262115478516,3.250861406326294,4.6861677169799805,33.637001037597656,89.47364044189453,73.54462432861328,7.459036827087402,0.0,2012.9942054580897
850000.0,21.30769157409668,10.0,1.0,0.5,3.663050765490006e-12,3.663050765490006e-12,7.538321529498848e-12,0.0,3.044268481744439e-08,2.216073751449585,aer,1.9236072290595985e-08,1.1359359008977776e-09,1.5596400837480928e-09,1.6027914551131062e-09,8.302690757133746e-10,8.41498482007097e-10,9.261315048192387e-10,1.9607213630479237e-09,1.488975942542936e-09,8.60649607137276e-10,0.0,147.91209411621094,45.21967315673828,87.6040267944336,93.0307388305664,3.621373176574707,5.220265865325928,23.634328842163086,100.46963500976562,80.80574798583984,8.257731437683105,0.0,2754.2986294580624
850000.0,21.30769157409668,10.0,1.0,0.5384615659713745,4.1580588798495466e-12,4.1580588798495466e-12,8.826916628179582e-12,0.0,3.5287985866716554e-08,2.214923143386841,aer,2.233857365752101e-08,1.3170452506372499e-09,1.8083869957052912e-09,1.8621114650230197e-09,9.62455670716622e-10,9.754878016465796e-10,1.0808092198999475e-09,2.230868823005494e-09,1.714994812829218e-09,9.97249727241467e-10,0.0,147.95513916015625,45.20924377441406,87.58381652832031,93.2142562866211,3.5737321376800537,5.1515913009643555,24.709138870239258,98.81095886230469,79.87127685546875,8.154988288879395,0.0,2645.3272442915477
850000.0,21.30769157409668,10.0,1.0,0.5769230723381042,4.675755876232257e-12,4.675755876232257e-12,1.0223263208208877e-11,0.0,4.0487087460405746e-08,2.2137162685394287,aer,2.567033519085271e-08,1.5118929441726436e-09,2.0755437368791263e-09,2.140775556824792e-09,1.1044001269056025e-09,1.119194403820245e-09,1.2479492994543762e-09,2.5172615103485896e-09,1.9558650254936083e-09,1.143870997921681e-09,0.0,147.97329711914062,45.198787689208984,87.5635757446289,93.37201690673828,3.5311319828033447,5.090181827545166,25.712614059448242,97.4086685180664,79.03485870361328,8.06307601928711,0.0,2571.3901382922195
850000.0,21.30769157409668,10.0,1.0,0.6153846383094788,5.216921946521458e-12,5.216921946521458e-12,1.1726702074665862e-11,0.0,4.603974090855445e-08,2.2124874591827393,aer,2.9231046028144192e-08,1.719969611180261e-09,2.3610837729393097e-09,2.4388793207208437e-09,1.2560831263996874e-09,1.2727324749661761e-09,1.427456264302407e-09,2.8203699375950464e-09,2.2117081499573032e-09,1.3004098908808714e-09,0.0,147.97219848632812,45.18830490112305,87.54325866699219,93.50647735595703,3.4932379722595215,5.035556793212891,26.635684967041016,96.21548461914062,78.29022979736328,7.981289386749268,0.0,2488.1352597908117
850000.0,21.30769157409668,10.0,1.0,0.6538461446762085,5.778305785242299e-12,5.778305785242299e-12,1.333934525338254e-11,0.0,5.194424446131052e-08,2.2111973762512207,aer,3.301979489833684e-08,1.9416561691798506e-09,2.664928722140303e-09,2.7562077065113044e-09,1.417504225109667e-09,1.4360073130603723e-09,1.6195785823569508e-09,3.1392488608616986e-09,2.4823978428401006e-09,1.4669196968242204e-09,0.0,147.95831298828125,45.177520751953125,87.52236938476562,93.6250991821289,3.458709955215454,4.98578405380249,27.50754737854004,95.1714096069336,77.61190032958984,7.9067769050598145,0.0,2424.649667208083
850000.0,21.30769157409668,10.0,1.0,0.692307710647583,6.359330596839019e-12,6.359330596839019e-12,1.50635511009245e-11,0.0,5.820223591967988e-08,2.2099509239196777,aer,3.703823736600498e-08,2.1766219937546794e-09,2.987365466111669e-09,3.0929878658270127e-09,1.588610798464174e-09,1.6090579979533004e-09,1.82439885421104e-09,3.4737439591481234e-09,2.767677198534102e-09,1.643528868555677e-09,0.0,147.93316650390625,45.16651916503906,87.50106048583984,93.73086547851562,3.4272046089172363,4.940368175506592,28.337310791015625,94.25668334960938,76.99347686767578,7.838812828063965,0.0,2364.374558582902
850000.0,21.30769157409668,10.0,1.0,0.7307692170143127,6.960242278364337e-12,6.960242278364337e-12,1.689758229173055e-11,0.0,6.480996006530404e-08,2.208627700805664,aer,4.128264663449954e-08,2.4247497343310442e-09,3.3280425082438114e-09,3.4491067779640616e-09,1.7695218623714482e-09,1.7919501438257157e-09,2.0418136070787796e-09,3.824053074197309e-09,3.067852638594104e-09,1.8302247495327606e-09,0.0,147.89962768554688,45.155399322509766,87.47950744628906,93.82404327392578,3.3985435962677,4.899053573608398,29.11334228515625,93.44493865966797,76.43122863769531,7.777003288269043,0.0,2305.153027166147
850000.0,21.30769157409668,10.0,1.0,0.7692307829856873,7.578688544784828e-12,7.578688544784828e-12,1.884363151627433e-11,0.0,7.17697972163478e-08,2.2073419094085693,aer,4.575558776309663e-08,2.686597611045727e-09,3.6868892383523644e-09,3.824578875821771e-09,1.960214213170275e-09,1.9845682874830572e-09,2.271985710677882e-09,4.1898791103278654e-09,3.3827569634325982e-09,2.026739887028839e-09,0.0,147.8583984375,45.144378662109375,87.45816040039062,93.9078369140625,3.3726041316986084,4.861661434173584,29.850852966308594,92.7223892211914,75.92288208007812,7.721087455749512,0.0,2263.0601475411095
850000.0,21.30769157409668,10.0,1.0,0.807692289352417,8.214361482683508e-12,8.214361482683508e-12,2.0903693706553206e-11,0.0,7.908145249757581e-08,2.2060937881469727,aer,5.045665929515053e-08,2.961516587518531e-09,4.064329317543525e-09,4.219497640178815e-09,2.1605719435768833e-09,2.186951508775792e-09,2.5149906601740213e-09,4.571199418990091e-09,3.7122838136838254e-09,2.2334591953665495e-09,0.0,147.81076049804688,45.133174896240234,87.43647003173828,93.9839096069336,3.3487534523010254,4.827280044555664,30.55754280090332,92.07630157470703,75.45603942871094,7.669702529907227,0.0,2208.7073942921124
850000.0,21.30769157409668,10.0,1.0,0.8461538553237915,8.867105834309275e-12,8.867105834309275e-12,2.3076604863114802e-11,0.0,8.674255269625064e-08,2.2048287391662598,aer,5.538241509839281e-08,3.2503857383403556e-09,4.4600216853041275e-09,4.633728067915399e-09,2.3708028873414833e-09,2.3992114961401967e-09,2.7707647287655846e-09,4.968391920101567e-09,4.056633695626033e-09,2.450210034865563e-09,0.0,147.7587127685547,45.121761322021484,87.41435241699219,94.0525131225586,3.327141523361206,4.796125888824463,31.22734832763672,91.50283813476562,75.03365325927734,7.623173236846924,0.0,2162.695695417002
850000.0,21.30769157409668,10.0,1.0,0.8846153616905212,9.535393308279794e-12,9.535393308279794e-12,2.5363846439807602e-11,0.0,9.475627393840114e-08,2.2036383152008057,aer,6.053705448039182e-08,3.5524831965005887e-09,4.873953685091692e-09,5.067336772413e-09,2.590888170672656e-09,2.6213433645949635e-09,3.0394207151118735e-09,5.380880185867909e-09,4.415812604463554e-09,2.677107424631231e-09,0.0,147.70187377929688,45.11013412475586,87.3918228149414,94.1150894165039,3.3071951866149902,4.767373561859131,31.86701011657715,90.98204803466797,74.64442443847656,7.580260276794434,0.0,2122.9842747920193
850000.0,21.30769157409668,10.0,1.0,0.9230769276618958,1.0219421663071326e-11,1.0219421663071326e-11,2.7766133142703708e-11,0.0,1.0312083276176054e-07,2.202479600906372,aer,6.591921675180856e-08,3.867492992526422e-09,5.306472150579111e-09,5.520307322370854e-09,2.8205822122373547e-09,2.8534703488958257e-09,3.3210139083195145e-09,5.808799219408911e-09,4.7895776233986e-09,2.9139008983491976e-09,0.0,147.64088439941406,45.098690032958984,87.3696517944336,94.17229461669922,3.2888777256011963,4.740968227386475,32.48038864135742,90.50959777832031,74.28746032714844,7.54087495803833,0.0,2088.700465291273
850000.0,21.30769157409668,10.0,1.0,0.9615384340286255,1.0916697233687156e-11,1.0916697233687156e-11,3.028490652701166e-11,0.0,1.118340762218395e-07,2.201314926147461,aer,7.152612369054623e-08,4.196275771306546e-09,5.757262666605811e-09,5.992581098013261e-09,3.060013353817226e-09,3.0955955576672523e-09,3.6156204696879968e-09,6.251657858058479e-09,5.1780819632085695e-09,3.16086667950799e-09,0.0,147.57640075683594,45.0870246887207,87.3470458984375,94.22510528564453,3.2718982696533203,4.716492176055908,33.07193374633789,90.07437133789062,73.95698547363281,7.504386901855469,0.0,2046.105550791137
850000.0,21.30769157409668,10.0,1.0,1.0,1.16273414507706e-11,1.16273414507706e-11,3.2920392106783325e-11,0.0,1.209009496960789e-07,2.200244665145874,aer,7.736232987554104e-08,4.538599274184207e-09,6.226160031985728e-09,6.484636383419229e-09,3.309434948306489e-09,3.347734089942378e-09,3.9232221915597165e-09,6.709906408275401e-09,5.581390460918101e-09,3.41753825239266e-09,0.0,147.5088348388672,45.07522964477539,87.3241958618164,94.27360534667969,3.256141424179077,4.693778991699219,33.63834762573242,89.67595672607422,73.6506118774414,7.4705424308776855,0.0,2012.9942054580897
850000.0,23.153846740722656,10.0,1.0,0.5,3.6630707148099795e-12,3.6630707148099795e-12,7.538503675463826e-12,0.0,3.0443430887316936e-08,2.21612811088562,aer,1.923679704418646e-08,1.1359359008977776e-09,1.5596403057926977e-09,1.6027914551131062e-09,8.302690757133746e-10,8.414988705851556e-10,9.261315048192387e-10,1.9607369061702684e-09,1.4889817157026641e-09,8.606498846930322e-10,0.0,147.98684692382812,45.21969223022461,87.60408020019531,93.03076171875,3.621859550476074,5.220966815948486,23.634384155273438,100.48887634277344,80.81529998779297,8.258782386779785,0.0,2754.2986294580624
850000.0,23.153846740722656,10.0,1.0,0.5384615659713745,4.158098344808625e-12,4.158098344808625e-12,8.827293930535607e-12,0.0,3.529028447246674e-08,2.2150673866271973,aer,2.234079765628394e-08,1.3170452506372499e-09,1.8083869957052912e-09,1.8621114650230197e-09,9.624560037835295e-10,9.754884677803943e-10,1.08080933092225e-09,2.230922113710676e-09,1.715015685022081e-09,9.972509484867942e-10,0.0,148.0688934326172,45.209293365478516,87.58392333984375,93.21435546875,3.5745882987976074,5.152825355529785,24.709270477294922,98.84400177001953,79.88814544677734,8.156839370727539,0.0,2645.3272442915477
850000.0,23.153846740722656,10.0,1.0,0.5769230723381042,4.675815724192178e-12,4.675815724192178e-12,1.0223853014190709e-11,0.0,4.049175217346601e-08,2.2139713764190674,aer,2.5674824044585876e-08,1.5118929441726436e-09,2.0755439589237312e-09,2.140775556824792e-09,1.1044009040617198e-09,1.119200176979973e-09,1.2479496325212835e-09,2.517373198784867e-09,1.955910322593013e-09,1.1438779923267361e-09,0.0,148.11036682128906,45.1988639831543,87.56372833251953,93.37218475341797,3.532271146774292,5.091823577880859,25.71280860900879,97.45243072509766,79.05738067626953,8.06554126739502,0.0,2571.3901382922195
850000.0,23.153846740722656,10.0,1.0,0.6153846383094788,5.217006947971781e-12,5.217006947971781e-12,1.172753560929607e-11,0.0,4.6047421875528016e-08,2.2128565311431885,aer,2.9238448107093973e-08,1.7199699442471683e-09,2.3610842170285196e-09,2.4388797648100535e-09,1.256084458667317e-09,1.2727391363043239e-09,1.4274568194139192e-09,2.8205626723121213e-09,2.2117851994352122e-09,1.30041433177297e-09,0.0,148.13116455078125,45.188411712646484,87.5434799194336,93.50672149658203,3.494654417037964,5.037599563598633,26.63594627380371,96.26970672607422,78.31832885742188,7.9843597412109375,0.0,2488.1352597908117
850000.0,23.153846740722656,10.0,1.0,0.6538461446762085,5.778417241225631e-12,5.778417241225631e-12,1.3340464150024545e-11,0.0,5.195575880634351e-08,2.2116875648498535,aer,3.303087225958734e-08,1.9416566132690605e-09,2.6649293882741176e-09,2.756208594689724e-09,1.4175062235111113e-09,1.436015639733057e-09,1.619579359513068e-09,3.1395448463200637e-09,2.4825195232835995e-09,1.4669279124746026e-09,0.0,148.1361083984375,45.177650451660156,87.52262878417969,93.62541961669922,3.4603850841522217,4.988199234008789,27.507869720458984,95.23548126220703,77.64521026611328,7.910411357879639,0.0,2424.649667208083
850000.0,23.153846740722656,10.0,1.0,0.692307710647583,6.359481951462298e-12,6.359481951462298e-12,1.5065022146432128e-11,0.0,5.8218450504909924e-08,2.210566759109497,aer,3.7053823120913876e-08,2.176622437843889e-09,2.987367686557718e-09,3.0929891980946422e-09,1.5886133519771306e-09,1.6090647703137506e-09,1.8243999644340647e-09,3.4741698407003696e-09,2.7678512815043632e-09,1.6435477423470957e-09,0.0,148.12945556640625,45.16669845581055,87.50141143798828,93.73123931884766,3.429149627685547,4.943172454833984,28.337709426879883,94.33079528808594,77.03221893310547,7.84303617477417,0.0,2364.374558582902
850000.0,23.153846740722656,10.0,1.0,0.7307692170143127,6.9604283274571355e-12,6.9604283274571355e-12,1.6899431506955942e-11,0.0,6.483182346528338e-08,2.2093727588653564,aer,4.130364672505493e-08,2.424750400464859e-09,3.328043840511441e-09,3.449108998410111e-09,1.7695270804196639e-09,1.7919586925430053e-09,2.041815161391014e-09,3.824632610616163e-09,3.0680913365443985e-09,1.8302418469673398e-09,0.0,148.11306762695312,45.15559768676758,87.47990417480469,93.8244857788086,3.400739908218384,4.902219772338867,29.113794326782227,93.52862548828125,76.47503662109375,7.78177547454834,0.0,2305.153027166147
850000.0,23.153846740722656,10.0,1.0,0.7692307829856873,7.57892099773061e-12,7.57892099773061e-12,1.884592482070957e-11,0.0,7.179824734748763e-08,2.208216905593872,aer,4.5782904578572925e-08,2.6865982771795416e-09,3.6868914587984136e-09,3.82458198444624e-09,1.9602206524638177e-09,1.9845831644715872e-09,2.271988153168536e-09,4.190642055590388e-09,3.383074931306851e-09,2.026763201712356e-09,0.0,148.08935546875,45.144622802734375,87.45863342285156,93.90833282470703,3.3750545978546143,4.865193843841553,29.851383209228516,92.8156967163086,75.97183227539062,7.726414680480957,0.0,2263.0601475411095
850000.0,23.153846740722656,10.0,1.0,0.807692289352417,8.214647712057044e-12,8.214647712057044e-12,2.0906474468285197e-11,0.0,7.911687305295345e-08,2.2070820331573486,aer,5.049063034334722e-08,2.961517475696951e-09,4.064333758435623e-09,4.219501636981704e-09,2.1605839339855493e-09,2.186966163719717e-09,2.5149935467538853e-09,4.572170198002823e-09,3.712691043489258e-09,2.2334833982284863e-09,0.0,148.05868530273438,45.13346862792969,87.43702697753906,93.98445129394531,3.351447582244873,4.831164360046387,30.558155059814453,92.1788330078125,75.5099105834961,7.675563335418701,0.0,2208.7073942921124
850000.0,23.153846740722656,10.0,1.0,0.8461538553237915,8.867449309557518e-12,8.867449309557518e-12,2.3079996247510337e-11,0.0,8.678643581561118e-08,2.205944061279297,aer,5.542445080664038e-08,3.250387514697195e-09,4.460026570285436e-09,4.633733396985917e-09,2.3708164320623837e-09,2.399225929039517e-09,2.770768725568473e-09,4.969602063198408e-09,4.057143954128151e-09,2.4502859741204475e-09,0.0,148.02297973632812,45.12209701538086,87.41498565673828,94.0531005859375,3.330080986022949,4.800363063812256,31.22803497314453,91.61476135253906,75.09245300292969,7.629569053649902,0.0,2162.695695417002
850000.0,23.153846740722656,10.0,1.0,0.8846153616905212,9.535807039828814e-12,9.535807039828814e-12,2.5367832834355397e-11,0.0,9.480948648388221e-08,2.2048757076263428,aer,6.058802881625525e-08,3.552485416946638e-09,4.87395990234063e-09,5.067342989661938e-09,2.590900827215137e-09,2.6213733406166284e-09,3.039425378048577e-09,5.382351009330932e-09,4.416437882071023e-09,2.677178034815597e-09,0.0,147.98268127441406,45.11052703857422,87.39258575439453,94.11570739746094,3.310373067855835,4.771954536437988,31.867773056030273,91.10314178466797,74.70804595947266,7.587177276611328,0.0,2122.9842747920193
850000.0,23.153846740722656,10.0,1.0,0.9230769276618958,1.0219896109942006e-11,1.0219896109942006e-11,2.7770811691918418e-11,0.0,1.0318412080323469e-07,2.203831195831299,aer,6.597976920375004e-08,3.867496101150891e-09,5.306479256006469e-09,5.520314871887422e-09,2.8206035285194275e-09,2.8535511731320184e-09,3.3210201255684524e-09,5.810572467623842e-09,4.790326801895617e-09,2.9139748392026377e-09,0.0,147.93856811523438,45.09908676147461,87.37042236328125,94.17294311523438,3.2923026084899902,4.74590539932251,32.48122024536133,90.64013671875,74.35608673095703,7.548332214355469,0.0,2088.700465291273
850000.0,23.153846740722656,10.0,1.0,0.9615384340286255,1.0917252345199469e-11,1.0917252345199469e-11,3.029029457812804e-11,0.0,1.1190845583541886e-07,2.2027790546417236,aer,7.159732007266939e-08,4.1962793240202245e-09,5.7572737688360576e-09,5.992588203440619e-09,3.0600535438907173e-09,3.0956628371825445e-09,3.6156277971599593e-09,6.253745965523194e-09,5.178971029806689e-09,3.1609326267556526e-09,0.0,147.890869140625,45.087467193603516,87.347900390625,94.22577667236328,3.2755513191223145,4.7217583656311035,33.072853088378906,90.21395111083984,74.03024291992188,7.5123443603515625,0.0,2046.105550791137
850000.0,23.153846740722656,10.0,1.0,1.0,1.1627987635265402e-11,1.1627987635265402e-11,3.2926588539039514e-11,0.0,1.2098679746941343e-07,2.2018070220947266,aer,7.744447572122226e-08,4.538603270987096e-09,6.226171134215974e-09,6.484644821114216e-09,3.3094811335843133e-09,3.347810695331077e-09,3.9232310733439135e-09,6.712334688074861e-09,5.5824282974015205e-09,3.417615079825964e-09,0.0,147.84010314941406,45.07573699951172,87.32518005371094,94.27429962158203,3.2600252628326416,4.699377536773682,33.63932800292969,89.8247299194336,73.72855377197266,7.47900390625,0.0,2012.9942054580897
850000.0,25.0,10.0,1.0,0.5,3.6630741842569314e-12,3.6630741842569314e-12,7.538539237295083e-12,0.0,3.044350194159051e-08,2.2161333560943604,aer,1.9236866322103197e-08,1.1359359008977776e-09,1.5596403057926977e-09,1.6027914551131062e-09,8.302690757133746e-10,8.414988705851556e-10,9.261315048192387e-10,1.960738016393293e-09,1.488982159791874e-09,8.606498846930322e-10,0.0,148.0076141357422,45.219696044921875,87.60408020019531,93.03076171875,3.6219558715820312,5.22110652923584,23.6343994140625,100.49317169189453,80.81721496582031,8.258991241455078,0.0,2754.2986294580624
850000.0,25.0,10.0,1.0,0.5384615659713745,4.158118294128599e-12,4.158118294128599e-12,8.827483882756226e-12,0.0,3.529101988419825e-08,2.215113401412964,aer,2.234150997537654e-08,1.3170452506372499e-09,1.8083871067275936e-09,1.8621114650230197e-09,9.62456114805832e-10,9.754886898249993e-10,1.08080933092225e-09,2.2309378788776257e-09,1.715021680226414e-09,9.972512815537016e-10,0.0,148.1354217529297,45.209312438964844,87.5839614868164,93.21437072753906,3.5750250816345215,5.153454303741455,24.709331512451172,98.8614501953125,79.89673614501953,8.157780647277832,0.0,2645.3272442915477
850000.0,25.0,10.0,1.0,0.5769230723381042,4.675853020746912e-12,4.675853020746912e-12,1.0224221642929354e-11,0.0,4.049389445981433e-08,2.2140884399414062,aer,2.5676889947590098e-08,1.5118929441726436e-09,2.075544180968336e-09,2.140775778869397e-09,1.1044011261063247e-09,1.1192017312922076e-09,1.2479496325212835e-09,2.517422714731765e-09,1.9559298625182464e-09,1.1438840985533716e-09,0.0,148.20387268066406,45.198909759521484,87.56380462646484,93.37223815917969,3.5329878330230713,5.092857360839844,25.712928771972656,97.4803695678711,79.07154846191406,8.067092895507812,0.0,2571.3901382922195
850000.0,25.0,10.0,1.0,0.6153846383094788,5.217062892803881e-12,5.217062892803881e-12,1.172808291455274e-11,0.0,4.6051571445104855e-08,2.2130560874938965,aer,2.9242446686339463e-08,1.7199700552694708e-09,2.3610844390731245e-09,2.4388799868546585e-09,1.2560853468457367e-09,1.2727419118618855e-09,1.4274569304362217e-09,2.8206623703397327e-09,2.2118253895087037e-09,1.3004166632413217e-09,0.0,148.24298095703125,45.188480377197266,87.5436019897461,93.50682830810547,3.4955976009368896,5.038957595825195,26.636112213134766,96.30622863769531,78.33700561523438,7.98640251159668,0.0,2488.1352597908117
850000.0,25.0,10.0,1.0,0.6538461446762085,5.77849530378205e-12,5.77849530378205e-12,1.3341230897800926e-11,0.0,5.1962473435196443e-08,2.2119734287261963,aer,3.303733464576908e-08,1.9416566132690605e-09,2.6649300544079324e-09,2.756208816734329e-09,1.417507333734136e-09,1.4360186373352235e-09,1.619579803602278e-09,3.139713378175202e-09,2.482588801200336e-09,1.466932797455911e-09,0.0,148.26516723632812,45.177734375,87.52278900146484,93.62557220458984,3.4615423679351807,4.989867687225342,27.50809097290039,95.28033447265625,77.668212890625,7.912921905517578,0.0,2424.649667208083
850000.0,25.0,10.0,1.0,0.692307710647583,6.359586468551726e-12,6.359586468551726e-12,1.5066052572176858e-11,0.0,5.822839455049689e-08,2.210944175720215,aer,3.706338702613721e-08,2.176622659888494e-09,2.9873687967807427e-09,3.092989642183852e-09,1.5886150173116675e-09,1.6090693222281516e-09,1.8244006305678795e-09,3.4744269683528728e-09,2.767954976334863e-09,1.6435581784435271e-09,0.0,148.27403259277344,45.16681671142578,87.50164031982422,93.73146057128906,3.430522918701172,4.945152282714844,28.33797836303711,94.38379669189453,77.05957794189453,7.8460187911987305,0.0,2364.374558582902
850000.0,25.0,10.0,1.0,0.7307692170143127,6.960566671654345e-12,6.960566671654345e-12,1.6900753366244636e-11,0.0,6.48456293106392e-08,2.209843397140503,aer,4.131692321607261e-08,2.424750622509464e-09,3.3280456168682804e-09,3.4491107747669503e-09,1.7695307441556452e-09,1.7919640216135235e-09,2.0418160495694337e-09,3.824994543322191e-09,3.0682401064296982e-09,1.830253171242191e-09,0.0,148.27279663085938,45.155757904052734,87.48020935058594,93.82476043701172,3.40231990814209,4.904497146606445,29.114126205444336,93.58951568603516,76.50657653808594,7.7852091789245605,0.0,2305.153027166147
850000.0,25.0,10.0,1.0,0.7692307829856873,7.579091000631255e-12,7.579091000631255e-12,1.884758495107608e-11,0.0,7.181691330515605e-08,2.2087910175323486,aer,4.580083867722351e-08,2.6865989433133564e-09,3.686893013110648e-09,3.82458376080308e-09,1.9602250933559162e-09,1.984592712389599e-09,2.2719894854361655e-09,4.1911345505241115e-09,3.3832803225664065e-09,2.026778078700886e-09,0.0,148.26315307617188,45.14479446411133,87.45897674560547,93.90864562988281,3.3768393993377686,4.867766857147217,29.851768493652344,92.88446044921875,76.00748443603516,7.7302961349487305,0.0,2263.0601475411095
850000.0,25.0,10.0,1.0,0.807692289352417,8.214856746235899e-12,8.214856746235899e-12,2.0908505829475565e-11,0.0,7.914074728887499e-08,2.2077479362487793,aer,5.051355600471652e-08,2.9615185859199755e-09,4.064335090703253e-09,4.219503857427753e-09,2.1605921496359315e-09,2.1869761557269385e-09,2.5149953231107247e-09,4.572813239178686e-09,3.7129614938180566e-09,2.233498719306226e-09,0.0,148.24624633789062,45.13367462158203,87.43743133544922,93.98479461669922,3.3534300327301025,4.83402156829834,30.55859375,92.25505065917969,75.54955291748047,7.679876327514648,0.0,2208.7073942921124
850000.0,25.0,10.0,1.0,0.8461538553237915,8.867700844461535e-12,8.867700844461535e-12,2.3082456085399272e-11,0.0,8.681645624619705e-08,2.206707239151001,aer,5.545325976186177e-08,3.2503886249202196e-09,4.460029678909905e-09,4.6337360615211765e-09,2.3708262020250004e-09,2.399234366734504e-09,2.7707709460145225e-09,4.970423628236631e-09,4.057489011444204e-09,2.450305514045681e-09,0.0,148.22418212890625,45.1223258972168,87.41543579101562,94.05347442626953,3.332263231277466,4.803509712219238,31.228527069091797,91.69857025146484,75.13614654541016,7.634319305419922,0.0,2162.695695417002
850000.0,25.0,10.0,1.0,0.8846153616905212,9.5361149532458e-12,9.5361149532458e-12,2.5370787068434986e-11,0.0,9.48465910255436e-08,2.2057387828826904,aer,6.062361279646211e-08,3.5524869712588725e-09,4.8739638991435186e-09,5.067346542375617e-09,2.590909708999334e-09,2.6213939907648864e-09,3.039428708717651e-09,5.383367085443069e-09,4.416866872247738e-09,2.6772126737739654e-09,0.0,148.19692993164062,45.110809326171875,87.39312744140625,94.11612701416016,3.312753438949585,4.775385856628418,31.86832618713379,91.19446563720703,74.75572967529297,7.59235954284668,0.0,2122.9842747920193
850000.0,25.0,10.0,1.0,0.9230769276618958,1.0220249993531105e-11,1.0220249993531105e-11,2.7774296751381655e-11,0.0,1.0322889920644229e-07,2.2047877311706543,aer,6.602267177413523e-08,3.867497877507731e-09,5.306485473255407e-09,5.52031886869031e-09,2.820619959820192e-09,2.8535895868486705e-09,3.321024122371341e-09,5.811816361500632e-09,4.79085038307403e-09,2.914027463774005e-09,0.0,148.1653594970703,45.0993766784668,87.37098693847656,94.17340087890625,3.2948710918426514,4.749608039855957,32.48183059692383,90.73859405517578,74.4075698852539,7.55392599105835,0.0,2088.700465291273
850000.0,25.0,10.0,1.0,0.9615384340286255,1.0917663474663275e-11,1.0917663474663275e-11,3.029433995327402e-11,0.0,1.1196152627235278e-07,2.2038238048553467,aer,7.164811677284888e-08,4.196281988555484e-09,5.757279097906576e-09,5.9925944206895565e-09,3.0601010614361712e-09,3.0957170160661462e-09,3.6156329041858726e-09,6.255229667573303e-09,5.179599416038627e-09,3.1609801443011065e-09,0.0,148.1305389404297,45.08778762817383,87.34852600097656,94.22625732421875,3.2783024311065674,4.725724697113037,33.073524475097656,90.31944274902344,74.0854263305664,7.518338203430176,0.0,2046.105550791137
850000.0,25.0,10.0,1.0,1.0,1.1628473357838676e-11,1.1628473357838676e-11,3.2931258414636844e-11,0.0,1.2104901259135659e-07,2.20293927192688,aer,7.750403341333367e-08,4.538605935522355e-09,6.226180460089381e-09,6.484650594273944e-09,3.309515106408867e-09,3.3478686489729625e-09,3.9232368465036416e-09,6.714077738223523e-09,5.583172590917229e-09,3.4176703689325905e-09,0.0,148.0927276611328,45.07609939575195,87.32588958740234,94.27477264404297,3.2629594802856445,4.703606605529785,33.640071868896484,89.93740844726562,73.78742218017578,7.485396862030029,0.0,2012.9942054580897
